,,M (pente),,,,,,,,,,,,,,,,,, B (ordonnée à l'origine),,,,,,,,,,,,,,,,,,
Type-Superf,reprise,1,2,3,4,5,6,7,8,9,10,15,20,25,30,40,50,60,200,,,,,,,,,,,,,,,,,,,
4LB_ed_    46,0.068451045976547,0.031724242151008,0.030778276545499,0.027640932895976,0.026373045279599,0.026347720538661,0.026307376512484,0.025222529723651,0.025466341730708,0.025904678922342,0.025454754925038,0.025279363271752,0.025301553463835,0.025186585933304,0.025487313993269,0.024652382308210,0.024787736884668,0.025375535739678,0.024820163544641,4.991444636012320,7.490271707996820,2.619002418609380,2.748439519408990,2.775687798641800,2.724849738777350,2.678491250527200,2.693108762591770,2.635906188652870,2.578176364293960,2.581319235987380,2.490519637503890,2.420454920458520,2.387231936989480,2.331079353128390,2.334834398022280,2.289319166286990,2.236039346881330,2.158754788768410
4LB_ed_    67,0.065573995726907,0.037073365157438,0.028732825164155,0.026851209902565,0.026157146809725,0.025438328269182,0.025540456199265,0.025481524738659,0.025132870572303,0.024889390992693,0.025069079965541,0.024445520825041,0.024357444954558,0.024055518617857,0.023871598424996,0.023912768780578,0.024018598425843,0.023476639172674,0.023206793462058,5.184207002738230,7.131880466566040,2.756047661159470,2.801350959967520,2.790152996123380,2.785779020832470,2.729874911512880,2.675756096586210,2.658248756266020,2.646200655580440,2.607159458273710,2.546387081433540,2.483710190580110,2.463013447124430,2.439332296202620,2.384388504373610,2.340851443028230,2.363265416870600,2.266850584301510
4LB_ed_    96,0.061807106904088,0.034877339021668,0.027053182843716,0.026040888865504,0.024950166990613,0.024504852990930,0.023910553730432,0.023713655516188,0.023808615244791,0.023450606866532,0.023371091265413,0.023053945157662,0.022692559562779,0.022511260023388,0.022551411521408,0.022485374323241,0.022087168833975,0.022282923869732,0.021938069995346,5.545828329728860,7.342698975599980,2.917293323921630,2.879141779525420,2.906023058758140,2.875392647544700,2.886345548520830,2.845471541943400,2.785377267707190,2.784323931691800,2.770166373486000,2.679978345501870,2.643539188190810,2.611262272193370,2.566070238947160,2.521418372277990,2.526268683847520,2.477862085953070,2.388648037105830
4LB_ed_   139,0.065932254518979,0.029545864513538,0.023420179371610,0.022089693175226,0.021581149465623,0.021125985104062,0.020926384426667,0.020745624039627,0.020527683407065,0.020422238377722,0.020170846354312,0.019968219680910,0.019744958937749,0.019905479062124,0.019670094652176,0.019494020491914,0.019521456601544,0.019405105852360,0.019223237943814,4.972432811258880,8.083773932230040,3.422280806544270,3.428357980474080,3.374316494731750,3.345055283819310,3.301145081744190,3.258027917185370,3.241426793151040,3.205267151636490,3.215000416129010,3.108894186770380,3.053255675070090,2.973465825809140,2.966573283770390,2.937216554832440,2.882902684155460,2.877878790367810,2.766009692268870
4LL_ed_    46,0.069662261593449,0.032668292766044,0.032612565757028,0.027980262136353,0.027872327631039,0.027116800330712,0.026104304101274,0.026533465008017,0.025259268422137,0.026819948146054,0.025394520865877,0.025527000537928,0.025371715629136,0.025073352064749,0.024522831684530,0.025114256066336,0.025429379158232,0.025350985285526,0.025171749148714,5.446267462639900,7.898745124561750,2.904118530857200,3.189872916825000,3.083837581675900,3.023685180883530,3.020359904879220,2.933680926831030,2.961074528592890,2.828999637972530,2.879981193961240,2.745399643204390,2.674580023814850,2.644713649228000,2.636300327523420,2.545346639169030,2.490432275705670,2.464229366102960,2.349464260155610
4LL_ed_    67,0.066029499117631,0.039812040745786,0.026448396684986,0.023349321753874,0.023632431926553,0.024383446147023,0.024355312978936,0.023710992448067,0.024415805961581,0.023687477251044,0.024113988155094,0.023718293844955,0.023890836477741,0.023527905791385,0.023432026421136,0.023304581062180,0.023097442049780,0.023284799236302,0.022787265757596,5.689662548519690,7.420114009919040,3.317117858684030,3.500145922451100,3.367910593876430,3.206819911190710,3.137542310075910,3.122786588347690,3.017586513450120,3.038875187938210,2.965776885583710,2.866582991633540,2.773798926958330,2.748258549543390,2.709384280170810,2.666594864447450,2.646672061971960,2.602663831400990,2.509224647360530
4LL_ed_    96,0.065758531457231,0.035380481181532,0.027488612217557,0.026274425913935,0.024457010378461,0.024446909793622,0.024037794918303,0.023919954968000,0.023678356920862,0.023668566171242,0.023413454688851,0.023143182487250,0.022756404576691,0.022861070688869,0.022809092492564,0.022447550887133,0.022311281804438,0.022238385284643,0.022089873398065,5.715675443918150,7.845543728087390,3.217257167557200,3.219335923085210,3.288751062493270,3.200727401117200,3.168024043896590,3.102726186434130,3.088381621359140,3.040690651599210,3.033028098343020,2.921793681973270,2.882704389459170,2.812274719384950,2.769185937313700,2.748869761251950,2.722143445524780,2.703119570760260,2.576174313875470
4LL_ed_   139,0.063601222731313,0.031107409464682,0.022437904685471,0.020823733258213,0.020980694323086,0.020315718557835,0.020447863263728,0.020416075484534,0.020083355860940,0.020085273666599,0.019856785970783,0.019975277455643,0.019835870787523,0.019574536396889,0.019716330936972,0.019571316979340,0.019597781819342,0.019411956053208,0.019214427845717,6.015541356820750,8.439500696729610,3.919305514517050,3.976982202230590,3.771958994190420,3.774962982891650,3.667024543882620,3.589765434635930,3.588086768688370,3.538768309744580,3.527405050154470,3.362132481366550,3.288658586153500,3.269102985970120,3.199079793541060,3.148666274435290,3.099319943453200,3.095993233929700,2.975861245651870
9LB_ed_    46,0.160448559019620,0.033988282265396,0.019627643164596,0.020649654388225,0.021449065996216,0.021396664170474,0.021379867303715,0.022003797084498,0.021620202367426,0.021740241779009,0.021893992980425,0.021464748187456,0.021152124124358,0.021685729888838,0.021464004475087,0.021544017775042,0.021511345016914,0.021554744131349,0.021527500898775,6.230858129392430,7.058420109239890,3.021141454855650,2.914607834243580,2.821869787572740,2.770210488520500,2.724763959771450,2.642109970847330,2.616161902558360,2.574368092216710,2.539164164832220,2.470045903055360,2.421109520029170,2.347782379187540,2.320412065006820,2.269416265872740,2.238305850702610,2.213274341801750,2.099979498915310
9LB_ed_    67,0.173392965376399,0.027781111990871,0.030924942194526,0.026536356752791,0.024776554772650,0.023703699384232,0.022954626762708,0.022555385781944,0.022550456982561,0.022463639117494,0.022346124524233,0.021906476172372,0.021923416552014,0.021024543880289,0.021228901472493,0.021162189533425,0.020893709009904,0.020839165553929,0.020813300454917,5.363582903488280,7.474300517633100,2.264222419850350,2.520198775817670,2.598928039551630,2.615639129198700,2.619255076018940,2.605153528118490,2.553834843344270,2.525900470538230,2.508871351397100,2.440450128066020,2.369432927376240,2.392081841760310,2.336163966180590,2.294998758061080,2.279687463172230,2.261218106488870,2.147830928653810
9LB_ed_    96,0.167048389192473,0.032766811856856,0.023817515860634,0.023346043175722,0.022664302683679,0.022413817110318,0.022404889738397,0.021997282158917,0.021969204464610,0.021741935511182,0.021484491689053,0.021158894001215,0.020783149769612,0.021135054398428,0.020886868732684,0.020482412332381,0.020485020862904,0.020370538566781,0.019914484053679,5.972662217145110,6.995673330498460,2.946535347903900,2.826468879216350,2.801704240092860,2.739467827494380,2.672029830352750,2.658731475929020,2.609635085067630,2.595184016744140,2.591588103574390,2.512218016497100,2.478898538486820,2.381472832018920,2.368999109202320,2.360257369361320,2.318921525284270,2.306206297255050,2.234117303172650
9LB_ed_   139,0.167417073574573,0.026934692088410,0.022147724211255,0.020871898191341,0.020066216671044,0.019830694204134,0.019668635573167,0.019232905899941,0.019105857412772,0.019064459003386,0.019093188703707,0.018686008483579,0.018385479283528,0.018443406686976,0.018387422050932,0.018323654337431,0.018155380542992,0.018308862357526,0.017928407422026,5.921415088033220,7.806337978312450,3.178636387167720,3.170375032045230,3.162838195849120,3.098521911454080,3.052369159319740,3.042979775926790,3.007640325273020,2.967353251327870,2.923979218537470,2.855949103448430,2.812174736052410,2.755611863910840,2.716422197965780,2.660324730659270,2.642741529752070,2.592779290341530,2.510181954972370
9LL_ed_    46,0.069662261593449,0.040113099081344,0.011184549881314,0.017180141039705,0.019074923975250,0.019881113016284,0.020843306326661,0.020577479969009,0.020864997245794,0.020549329946254,0.020704865779980,0.021331066689071,0.021428435188214,0.022020549839826,0.021371575951630,0.021527616765302,0.021693732303368,0.021837335668535,0.022112879006221,5.446267462639900,7.102990180435150,3.935641173556200,3.597757190910890,3.362151310946110,3.215387405981000,3.091748093463530,3.038995123032850,2.974878698413080,2.951202467892170,2.908484104402020,2.745280050099860,2.667987137700730,2.583759413596900,2.570699264237740,2.510266844121960,2.462110611323620,2.421830766583640,2.273804350944580
9LL_ed_    67,0.066029499117631,0.031073923910555,0.029656674832498,0.023984013150580,0.022985447290777,0.023037022339965,0.022997043307142,0.022843774183105,0.022551275587789,0.022524599578156,0.022643072714893,0.021656623960217,0.021298043024422,0.020912426320413,0.021092490872154,0.021203362904167,0.020959154013011,0.020957918365183,0.020527922398633,5.689662548519690,7.708614916877980,2.698008801826860,3.141897759482220,3.100146248805770,3.003941481294390,2.947447715771310,2.887153410688440,2.861898049499380,2.818859402554740,2.778624239762880,2.723467712933100,2.676723412674810,2.658003689397520,2.589397964562660,2.531991852817980,2.511327356777520,2.480751725908230,2.379996443652970
9LL_ed_    96,0.065758531457231,0.033471592261851,0.024201455621727,0.022776425622128,0.022109881763043,0.022081676515261,0.021758158281688,0.021352746073295,0.021370919225804,0.021301415323057,0.021095768271439,0.021167148429961,0.021075093515564,0.020962447696220,0.020907443230330,0.020560474612571,0.020498050915199,0.020570242488657,0.020206735832695,5.715675443918150,7.478438755153640,3.221709846060910,3.257826162213680,3.184200539468230,3.095654680465980,3.066380678214880,3.030292109230180,2.975212260249980,2.936285091044190,2.927165466334380,2.770457363837600,2.698126565525120,2.653201637320050,2.607162538177780,2.593709128811230,2.555593254167440,2.517968610054670,2.410830353983040
9LL_ed_   139,0.063601222731313,0.028295195992919,0.021754133536466,0.020241736109958,0.019920438023637,0.019103292411038,0.019145860887528,0.019102637737228,0.018909913124748,0.018804643020894,0.018644452956952,0.018572488343182,0.018272385665296,0.018233920500898,0.018137379838271,0.018088717349807,0.018014778467719,0.017987916893359,0.017947791367868,6.015541356820750,8.197957836535180,3.561887615912120,3.610148004405320,3.488533219245740,3.509650070952980,3.429490016003140,3.343057167943420,3.317292108296710,3.283336441044920,3.267898295048090,3.131115115899880,3.087702956712450,3.032466917469810,2.992201349673940,2.937283388335470,2.900768124367130,2.876911867801160,2.724823634593900
LB_a_    46,0.008451045976547,0.012072922823638,-0.000747468013080,0.002554867833029,0.003208005627757,0.003096939665992,0.004531646070337,0.004425658601489,0.004601322714368,0.004583674320234,0.004971420869702,0.005140545706157,0.005179790741904,0.005182137446906,0.005544432774513,0.005063867952079,0.005215512081137,0.005032746228895,0.005220074646636,4.991444636012330,7.130635194303320,3.445868545934040,3.117128383430900,2.978381761968290,2.907535954109230,2.775562485916900,2.721418616545950,2.665798034297950,2.626663424515510,2.582974862221730,2.453495985851410,2.374101682290500,2.326639902537680,2.262183453129390,2.231903687455140,2.183835912383240,2.162792544540700,2.011492315147880
LB_a_    67,0.005573995726907,0.007962851038438,0.006426895208342,0.006938631873522,0.006176066634388,0.006198120444397,0.005394306301298,0.005606068435022,0.005484784010540,0.005647841994468,0.005133132830201,0.004943561952393,0.004863788406449,0.004851168783849,0.004961461749399,0.004900343102621,0.004810885337920,0.005149924373551,0.004955039829366,5.184207002738230,7.406010003911760,2.965186210098740,2.823416192717870,2.779521674524040,2.699756841956080,2.717764250442540,2.642331157699240,2.606606127454380,2.555364190341800,2.572140160868270,2.466693897353580,2.395273838765970,2.348814802962540,2.301242511812010,2.242859852368820,2.210945904178770,2.154941608848750,2.029249647904930
LB_a_    96,0.001807106904087,0.002581581291554,0.011816926740090,0.008350233142045,0.007729871851583,0.007192615995810,0.006850105164238,0.006650076290369,0.006422964479938,0.006274803136441,0.006086780486024,0.005665672967269,0.005613992910117,0.005325349851110,0.005219833479114,0.005117408641730,0.005232076104976,0.005030795323177,0.004838490377330,5.545828329728860,7.922611899612650,2.447743183051000,2.687902470939620,2.630356373673270,2.604285269020440,2.578007559600270,2.542106403585900,2.516540802392190,2.495175920712460,2.480589985909290,2.397371239925520,2.323254206413850,2.303293420505410,2.276438825759350,2.222021560614280,2.170511590541430,2.166377997684630,2.040438395300380
LB_a_   139,0.005932254518979,0.008474649312828,0.004344199890800,0.004926177750806,0.005043172996767,0.005084102795999,0.005030142892441,0.004873487273577,0.005003356886236,0.004984050821052,0.004956083203977,0.005256569513513,0.004998841845907,0.005147148573629,0.005125700971784,0.005224982163970,0.004979252866916,0.005032321364732,0.005095572626221,4.972432811258890,7.103475444655550,3.486452215102250,3.163846170321830,3.003807514492770,2.897368603794250,2.830982315380150,2.789052276919950,2.713866257916760,2.674590492551510,2.637756908113800,2.454236619997530,2.408760204339060,2.328063398075250,2.289523244278240,2.207068841023000,2.205654020631730,2.166165877908540,2.004703962704540
LL_a_    46,0.009662261593449,0.013803230847785,-0.001895114396858,0.003796566862019,0.004237826975299,0.004983605896965,0.004779258251192,0.004855058609862,0.004782141765731,0.004846205002217,0.004512550881892,0.004656588571691,0.004642997050100,0.004759302713568,0.004834623708151,0.005097095851573,0.005282570516227,0.005210667446554,0.004794222365744,5.446267462639900,7.780382089485570,4.276247019638760,3.730842986560250,3.541301005697890,3.396596121449090,3.324674846027410,3.242386798686820,3.187022499644060,3.128584322954470,3.116222059141200,2.961918888023780,2.877809753149050,2.808624056720280,2.750644578035430,2.676807627277030,2.619686313065900,2.585927146402540,2.450549998431380
LL_a_    67,0.006029499117631,0.008613570168045,0.005782316705590,0.005613969031705,0.005666782226231,0.004908531575849,0.005517238196128,0.005420060744919,0.005543398023102,0.005589560851242,0.005801458255279,0.005767747463761,0.005373639215144,0.005346691882159,0.005291011967438,0.004971531998444,0.004929674573811,0.005209191620130,0.005133028089500,5.689662548519690,8.128089355028130,3.761859135774800,3.609077041191280,3.445561003885460,3.401626100963820,3.275230189716690,3.204531655637980,3.136018330400210,3.078779481069750,3.029865265124280,2.887471242255110,2.828856728091040,2.769268982424660,2.720066564663180,2.685220405436720,2.643330341207730,2.586026026772970,2.427850014939740
LL_a_    96,0.005758531457231,0.008226473510330,0.006114482031599,0.005929451471258,0.005760828349321,0.005865541519313,0.005695470324306,0.005199030490510,0.005162071862430,0.005644149904265,0.005403956768021,0.005319175679814,0.005158036558752,0.005414761150843,0.005307983296218,0.005425228382026,0.005225869249084,0.005223591037605,0.004938248960348,5.715675443918150,8.165250634168780,3.729971264477940,3.578790726994220,3.436532576068810,3.309753146391280,3.258119905411570,3.225750560061270,3.172625641824710,3.073538931979610,3.068025407901070,2.930534133514010,2.849554583104670,2.762734332631040,2.718437317100280,2.641665552612830,2.614895652381590,2.584643682695320,2.446548811338340
LL_a_   139,0.003601222731313,0.005144603901875,0.006782030755021,0.005941181865549,0.005637550962655,0.005469923491351,0.005301919867406,0.005756080400507,0.005648975109195,0.005294298812809,0.005249055876471,0.005105835717379,0.005228105896376,0.004950780780132,0.005014380662009,0.004863489736668,0.004946399945304,0.004810264815035,0.004995170197671,6.015541356820750,8.593630509743930,3.637181991922250,3.577160202187780,3.453668132815320,3.364744052278030,3.312823418920710,3.148320622571630,3.104946090524340,3.122168233691870,3.089556631826560,2.960188388292490,2.839814945174950,2.827227604159840,2.759248083255400,2.719747224317500,2.653741885606970,2.642096027632630,2.438636759350500
R1mc_1_ed_    67,0.072738611703863,0.039531243897283,0.030855223788165,0.029526154926163,0.028420347901591,0.028109654437299,0.027988113170658,0.028077200621692,0.027744670587546,0.027529596607287,0.027758886782487,0.027170626233410,0.027223227575370,0.026942705419151,0.026865108884334,0.026852384490624,0.026504517916918,0.026725381092712,0.026452473350549,5.978004860136150,8.360830213874090,3.657706676555260,3.619460336042520,3.580887751918530,3.518345758451390,3.449217436780030,3.361706650252740,3.349358917416810,3.317129859062360,3.262629294889420,3.177754410981050,3.091939103506670,3.062421820829710,3.023949768366780,2.965348164839070,2.954682284419730,2.904988408507550,2.795900515033710
R1mc_1_ed_    96,0.076474325486409,0.040424710376026,0.030508936297890,0.028182201467140,0.027573364239567,0.027273046462637,0.026869587485755,0.027031911178815,0.026474551596868,0.026873895655440,0.026454391389996,0.025971393123346,0.025735227501446,0.025682528281740,0.025519448634880,0.025480769739302,0.025212917089512,0.025317228434149,0.024758123886693,5.619376337011780,8.275057431914830,3.690950275621610,3.748479868108750,3.662198183472840,3.598660124018880,3.556595902530700,3.462054436768920,3.471290340521880,3.380077150439710,3.387860852568640,3.292880789547140,3.234787110603370,3.183398826021240,3.153133152314380,3.097023180966040,3.078675963850650,3.040171063729540,2.958558063563910
R1mc_1_ed_   139,0.075460339922563,0.036256797322402,0.025620808568179,0.024616637507950,0.024520848332623,0.023997689039164,0.023740081140023,0.023333548515012,0.023536457261772,0.023079142878249,0.023066304865943,0.023019029982218,0.022827050519556,0.022738155542956,0.022617660539421,0.022453895009033,0.022526543950799,0.022288772149619,0.022177934424766,5.760320330386280,8.854397346368550,4.370400030051500,4.244093258436140,4.086497894538100,4.053934805881590,3.991597284587510,3.976126847037620,3.879685453100260,3.907547786469300,3.858804879411930,3.703259266163980,3.639023711086090,3.592666636712170,3.556481697583150,3.517758768473420,3.452081830131800,3.461126487279250,3.317204398771720
R1mc_1_ed_   200,0.074459562364193,0.035268916702100,0.023369347777678,0.022790441252314,0.022172555756930,0.021919262879570,0.021737540774732,0.021795386498959,0.021413611236606,0.021713838593029,0.021503080207088,0.021283696728084,0.021124272823831,0.020934950754082,0.021015772722747,0.020977540458755,0.020868653454505,0.020907068318973,0.020482978111598,5.960475842060350,9.051973470428840,4.820692188151680,4.609332509563390,4.556156409676500,4.469620037800430,4.392105357645620,4.283759250248170,4.304254658133450,4.180608643513230,4.171449811182960,4.050325916990730,3.979579250231070,3.953307594486930,3.876859260918010,3.813029678528910,3.783659929390570,3.737467253408520,3.656195661405350
R1mc_1_ed_   288,0.074848877867575,0.026830705267093,0.020127226182055,0.019846341110970,0.019567339660798,0.019642495359590,0.019622792042938,0.019467886320177,0.019536850020339,0.019294183982732,0.019327673216958,0.019169767286972,0.019175920955021,0.019144782286574,0.019111647564767,0.018966286509895,0.019112183993856,0.019110565703381,0.019218492880942,5.848352977086320,11.482178363711000,5.754423207691210,5.457233350270200,5.306458645362530,5.125329083554780,5.001152992402430,4.954079301737370,4.844761888418090,4.877469171278770,4.797967024340270,4.659137596031120,4.540704588448250,4.468876113129380,4.425247306416150,4.392270815800790,4.289523134057650,4.254860006699030,4.020367407834140
R1mc_1_ed_   416,0.058050640131282,0.022396697904630,0.018748595501273,0.018224254368395,0.018119387079622,0.017970779086317,0.017869080974414,0.017896930380076,0.017851432083067,0.017766965674830,0.017737981570303,0.017735653945870,0.017656578944176,0.017732813136024,0.017675364989316,0.017785753577793,0.017747852115122,0.017761729679702,0.017894518812770,12.836419875384200,13.326725426495300,6.327933570896500,6.132021435181760,5.908806919132020,5.820763053236180,5.730696796908520,5.607596972819530,5.545895750323290,5.512791987365890,5.459278749348760,5.255728745929420,5.172750864959660,5.056255279757950,5.022740857803770,4.883372515555020,4.857085195610800,4.815975792549330,4.571140620193700
R1mc_1_ed_   600,0.052657320381586,0.019295080775720,0.016787698636338,0.016777079154997,0.016660461100789,0.016644753107438,0.016586774543587,0.016539270345139,0.016523991979829,0.016513528274990,0.016541442481571,0.016502875108744,0.016505020654277,0.016520867702346,0.016554837004261,0.016566886631990,0.016585136146948,0.016667434857687,0.016890098505118,16.072411725201600,15.187695703841800,7.504471689857630,7.000326563220300,6.784162506431990,6.616378640563500,6.500080655404420,6.422192993781700,6.342359812266110,6.264854427270150,6.177202202588330,5.995396048204990,5.863685838899530,5.783422539964770,5.695057648836970,5.614692683036780,5.554714776515190,5.472552685758360,5.173792804785280
R1mc_2_ed_    67,0.072738611703863,0.041309748916614,0.030633018965298,0.029117960128972,0.028935905452582,0.028390989955300,0.028159809606813,0.028282904110488,0.027733161525880,0.027823438523987,0.027550784972395,0.027508776013552,0.026839141149632,0.027080162849321,0.026599069934738,0.026671749235516,0.026717789712356,0.026505821620698,0.026626976925160,5.978004860136150,8.543685399519160,3.961211825881010,3.923370958943440,3.798729207995890,3.744764831574110,3.700117566256400,3.619488490858340,3.613466231012010,3.555936232916160,3.546399771492180,3.420733483803400,3.379141331924680,3.312990296917800,3.304951471868020,3.241587315701740,3.195587408376220,3.188123040733050,3.045122012387270
R1mc_2_ed_    96,0.076474325486409,0.040936027206963,0.028496346566909,0.027460337361320,0.026805278745145,0.026977027179541,0.026072366048882,0.026281771657396,0.025922544275508,0.025955895730037,0.025852351374229,0.025401022525097,0.025535873798187,0.025284724245141,0.025512964781447,0.025146332811198,0.025079794245966,0.025188618870866,0.024546652263612,5.619376337011780,8.579562683645700,4.166332376126380,4.082502744638040,4.003269371909830,3.880505258046950,3.900512147817720,3.811597206355160,3.787285487047740,3.735220341135360,3.709449396916170,3.623077818695160,3.504254997663340,3.485352402919060,3.409217566583940,3.388027292436270,3.352834973149640,3.314574504716990,3.244833179895870
R1mc_2_ed_   139,0.075460339922563,0.035573853258255,0.024950679869689,0.024089609782648,0.023502063783071,0.022970999753723,0.022914822386833,0.022606576122907,0.022716786416472,0.022573101877330,0.022452342062136,0.022169109206257,0.022005270771176,0.021938350732467,0.021717388986815,0.021740887028691,0.021677669439318,0.021356063867907,0.021200116677359,5.760320330386280,9.324904862516040,4.659180047039980,4.551033878073500,4.462416251638220,4.437343070235670,4.339410716842590,4.322449385649140,4.232885829453790,4.205428686661720,4.182050691297040,4.072313770013850,3.995008818417900,3.950498321180760,3.936802602037780,3.861384256204760,3.825730321273730,3.847299650128170,3.710001626385010
R1mc_2_ed_   200,0.074459562364193,0.033329353636476,0.022771956749839,0.021557726378445,0.021254305793510,0.021149801276829,0.021026951529752,0.020793128430048,0.020767945322778,0.020531389776954,0.020455552140447,0.020082897302815,0.020002118241944,0.019921510390053,0.019858720298713,0.019681744672431,0.019632840918819,0.019675923961456,0.019479304476585,5.960475842060350,9.773804786871810,5.094924671010000,5.057410558914110,4.911967849550400,4.801582765614410,4.716984888258730,4.685138924220970,4.622654048192560,4.613771106736830,4.581408675634920,4.489556150702360,4.395639324264320,4.353866389663640,4.308536339658240,4.273212727456730,4.234696025373480,4.183327631418550,4.054164066539820
R1mc_2_ed_   288,0.074848877867575,0.024786088451177,0.018360720121050,0.018364141959323,0.018166557239875,0.018153546756420,0.017795619952814,0.017997813613934,0.017799973395593,0.017687098373771,0.017753398189682,0.017741941772006,0.017627559456487,0.017642587999634,0.017603071021638,0.017694199930341,0.017584071870977,0.017637605359634,0.017684996986277,5.848352977086320,12.234265160237900,6.365360820101050,5.977162871621270,5.801239432997330,5.664504067492150,5.647608382416800,5.490189591261810,5.477429963221800,5.432927030853620,5.359629013455250,5.163751343575240,5.079512254476000,5.010196038104300,4.958163331455790,4.845625613178680,4.824741511151920,4.770363388743230,4.570924623748600
R1mc_2_ed_   416,0.058050640131282,0.020437244835785,0.016926963284284,0.016502264368963,0.016312459675250,0.016164654717055,0.016307511618889,0.016121269967333,0.016220207805761,0.016285030016684,0.016070989494120,0.016047661988168,0.016105875778496,0.016104526235660,0.016112188189715,0.016055495410290,0.016121434913836,0.016154041122649,0.016199239053333,12.836419875384200,14.043384104241000,6.961803664195690,6.751703949211150,6.572544019881380,6.491883155868260,6.266661449329940,6.270831748247680,6.134612448591890,6.016187467401880,6.059511030808750,5.868571733651630,5.712532664520250,5.650029731917360,5.578370589535860,5.527326693519930,5.433198485322550,5.387526111328860,5.188999923853100
R1mc_2_ed_   600,0.052657320381586,0.017433854781368,0.015303693940455,0.015097659450160,0.014935800918312,0.014909684128810,0.014819635829789,0.014780658002766,0.014686662351460,0.014655632394866,0.014757002413564,0.014718391234486,0.014652432244178,0.014628180122029,0.014674621815027,0.014741415247538,0.014779066139154,0.014749456914392,0.014968690880493,16.072411725201600,15.845418136891400,7.935765270493140,7.594466900492820,7.398539274043850,7.244865508815060,7.159386922789580,7.075198926987680,7.054739721172710,6.993826040492380,6.847903279142320,6.666134185861090,6.584598785110950,6.535837400095990,6.440910414348740,6.315774791171460,6.238619750132150,6.230276636283070,5.927328827557380
R2mc_1_ed_    67,0.072738611703863,0.031423338218114,0.019424253066428,0.019613148392090,0.019486497440878,0.019106847521005,0.019596066686204,0.019590776923219,0.019952587687930,0.019873931069998,0.020028152102539,0.019190159606354,0.019928858043986,0.019465396687841,0.019259860453001,0.019265276043317,0.019133955076667,0.019388548052769,0.019052654216064,5.978004860136150,7.595924258847300,3.570138497502960,3.430199079459060,3.300413392148760,3.233319948706100,3.126668469403190,3.049242678525660,2.972142720830940,2.934884483365390,2.885819911738890,2.822028127053080,2.680870750019150,2.663982138165570,2.635065194297880,2.576977646322000,2.539309551652460,2.491502136693990,2.374627863137170
R2mc_1_ed_    96,0.076474325486409,0.029471111647831,0.025771964643815,0.023225548366318,0.022546879052883,0.022271769945637,0.021514446448137,0.021570918409884,0.021065899373506,0.021112240006381,0.020767743777179,0.020386568699689,0.019920440611158,0.019912538586867,0.019737032510006,0.019648213598484,0.019825771259102,0.019472394469525,0.019323357371491,5.619376337011780,7.783338009594400,2.960758186073870,3.083408681933160,3.006616757396260,2.929487395941410,2.942504012257570,2.859149095805800,2.865264799015680,2.816006825472610,2.814819110973530,2.707172854092890,2.681678823570640,2.621056515859010,2.589256676825390,2.540215641025990,2.472895198138690,2.483452880685430,2.348640360216220
R2mc_1_ed_   139,0.075460339922563,0.028651086214509,0.020992314045006,0.019494524421714,0.019024556945658,0.018977927347261,0.019060767849844,0.018658756216339,0.018432868993773,0.018505551863026,0.018558830902143,0.018427797323726,0.018184951995400,0.018047613736203,0.018145162636716,0.018045103663613,0.017831261819989,0.017934109744595,0.017596484937546,5.760320330386280,7.897321544826230,3.625129619308250,3.602021010233220,3.496219530300640,3.387331517115740,3.283565337420290,3.263939640708550,3.231256021798590,3.178336477398880,3.121858000603450,2.979442075351710,2.922911741161070,2.880281070101290,2.810526589212770,2.763047921973000,2.750132010175480,2.697274457450780,2.588675628534510
R2mc_1_ed_   200,0.074459562364193,0.029389863092864,0.019303700793249,0.018981961867465,0.018545962339177,0.018354913985003,0.018093310472705,0.018043971510876,0.018072042784924,0.017781061119327,0.017660335264137,0.017614736101688,0.017336773577674,0.017390228694631,0.017279623166675,0.017110519462772,0.017149855268617,0.016983029046624,0.016897814587568,5.960475842060350,7.749566169155150,3.962852269659720,3.704533521082990,3.591938451596840,3.511934189567270,3.477056812848070,3.386896581801200,3.303421263568410,3.323234626138700,3.301557128204710,3.142054319759320,3.092547424706280,3.011758078415740,2.983634483220900,2.949964762141200,2.886413320449800,2.887490597044910,2.728409698530290
R2mc_1_ed_   288,0.074848877867575,0.024819899938967,0.016827215990189,0.016644357180992,0.016556884723924,0.016464369519687,0.016436180587600,0.016323733549535,0.016395448907259,0.016380220701259,0.016319450912550,0.016108545923292,0.016250520841610,0.016172556125367,0.016182031400537,0.016234201842772,0.016192758621071,0.016140953601435,0.016135264946140,5.848352977086320,9.065715557477520,4.676079892941020,4.377763670787160,4.164792804789460,4.056410995578190,3.954310219758330,3.882325114667390,3.786280300335860,3.726676666542320,3.687731821461870,3.575837091137520,3.405388212692590,3.362447778363740,3.299740911868700,3.202344236701260,3.162057154943090,3.130008325259440,2.948023995261380
R2mc_1_ed_   416,0.058050640131282,0.021469727326672,0.016310460219402,0.015884375090522,0.015858912836074,0.015757274885044,0.015680840457282,0.015645279565018,0.015537951204250,0.015536083941516,0.015488339696957,0.015494709581430,0.015392853751972,0.015428621915030,0.015406871609122,0.015331852263686,0.015303278050009,0.015433047829380,0.015434391554489,12.836419875384200,10.459387364192200,4.891050293588160,4.693916220422860,4.455149110135350,4.350562363589780,4.268531713970550,4.164561972226520,4.142999344787470,4.077837558595580,4.033474087148440,3.831193009351900,3.762177721982060,3.671924409864020,3.622207385097100,3.577721661600940,3.532081072504970,3.424497126434070,3.239587326188270
R2mc_1_ed_   600,0.052657320381586,0.018199273474949,0.015316032600111,0.015107818491397,0.014930028285465,0.014811213807242,0.014743659217537,0.014711366801494,0.014775093961116,0.014694953542480,0.014702978802782,0.014660159734551,0.014614635372116,0.014589582744095,0.014629148273229,0.014671968953223,0.014660330529067,0.014673881643636,0.014769990484033,16.072411725201600,12.421659675226200,5.487706865163250,5.159850179897690,5.012479840500870,4.918199010271110,4.830840457817500,4.724909630340760,4.600713690668040,4.582515798017000,4.504690623653370,4.331922917479580,4.229108749895800,4.175347912425190,4.088841386632920,3.973651647878870,3.917849585070310,3.879996837880380,3.638227968461810
R2mc_2_ed_    67,0.072738611703863,0.026975225732528,0.014280959880491,0.015929709424349,0.015848435507804,0.016252221084673,0.016163333411562,0.016254360487017,0.016124906085913,0.016198983360023,0.016072601135393,0.016181714229756,0.016299076822250,0.016372070300808,0.016637353350937,0.016514887220557,0.016296815346769,0.016689208867885,0.016315072677729,5.978004860136150,7.663313117097540,3.824760955631750,3.539182799748800,3.415991439280060,3.287131023820130,3.214656390684870,3.143382920951530,3.101274945302000,3.045030349393590,3.025771579528680,2.882520822627240,2.786050329921390,2.725998275135170,2.654261973347520,2.604162057370300,2.585785538429920,2.519732328892950,2.407763541224580
R2mc_2_ed_    96,0.076474325486409,0.024866723099233,0.021963438211908,0.019773575316003,0.019071869671015,0.018589085636572,0.018337732048712,0.017986007869899,0.017942899229378,0.017727987319677,0.017576100273224,0.017313449379881,0.017061180348207,0.017039368255243,0.016751361405854,0.016656297080789,0.016613050432594,0.016508723718797,0.016218274283360,5.619376337011780,7.865729369893780,3.087243035815700,3.170171674150040,3.106541759611880,3.062792026837790,3.005914121518450,2.977144772194820,2.926747603529330,2.898245969266810,2.881435662296820,2.773874248215280,2.712888391429510,2.661937671509480,2.643317200075520,2.590586710788070,2.555426970190790,2.537058903205400,2.417056187084040
R2mc_2_ed_   139,0.075460339922563,0.024927515685265,0.017150579494269,0.016612882884409,0.015834036015945,0.015934910482188,0.015904928955299,0.015624058151631,0.015679141224334,0.015585944892350,0.015439774938237,0.015159037623926,0.015080473639223,0.014882420741330,0.015114713667854,0.015010931409500,0.014925304453961,0.014727363527493,0.014693331578029,5.760320330386280,7.857279200435410,3.756230397567460,3.609507922141640,3.556600637666540,3.431722373297130,3.344073751502890,3.305455783034110,3.241409966230530,3.195989866665160,3.178384883860120,3.073337482293020,2.988206623978340,2.961753375943390,2.870811235657480,2.819292539097170,2.790023661220730,2.784667969796610,2.629023223125040
R2mc_2_ed_   200,0.074459562364193,0.023149675638482,0.017546383577492,0.016174846413481,0.015990148638757,0.015574638864462,0.015279489314357,0.015281910113320,0.015279895598948,0.015175643915884,0.015087750737109,0.014777352881163,0.014558410665927,0.014543398925587,0.014264475751309,0.014395545171963,0.014259426137627,0.014276451371174,0.014118732990169,5.960475842060350,8.212847209792010,3.677069580922880,3.697115216327120,3.525378113104240,3.503776696842300,3.469161679691240,3.373885390696300,3.321259091307660,3.278050061958430,3.248789724085560,3.149674430845570,3.092619218637430,3.029557739091800,3.040858818966460,2.942369786604610,2.923199324487450,2.874850401060470,2.743942940697060
R2mc_2_ed_   288,0.074848877867575,0.020867586440052,0.013932868281645,0.013965464118824,0.013694603337205,0.013656480145255,0.013720672691902,0.013674315201688,0.013482622183351,0.013453119988699,0.013460722258715,0.013473127674823,0.013462963149305,0.013372578258451,0.013432552669213,0.013256193108041,0.013282968827386,0.013365665696795,0.013280022032513,5.848352977086320,8.870088898939750,4.717761986126880,4.333417317188590,4.186495159951210,4.056206407973940,3.918100866958280,3.836872725246240,3.838873834999740,3.774136952987730,3.717373925863100,3.525291290271600,3.408108103424780,3.366754091227050,3.280452666610240,3.270503181014180,3.204419029837060,3.137156675281530,2.985491696501900
R2mc_2_ed_   416,0.058050640131282,0.018505181236923,0.013185919443242,0.012955098202309,0.013002202537832,0.012871866423469,0.012724610933138,0.012651199784376,0.012701360761373,0.012625802576889,0.012650341787233,0.012570139187634,0.012643094969429,0.012579713348428,0.012535637643006,0.012571524267848,0.012492869140034,0.012492005645792,0.012478315491349,12.836419875384200,9.852849463441540,5.028492702902600,4.753729538458640,4.474533892490170,4.382605716236890,4.332462558604030,4.262488738847840,4.163878586542400,4.118300996300610,4.054492201999770,3.900934500941940,3.749173266252880,3.696585893796820,3.653569317512360,3.555325418534160,3.533100499775210,3.500599256498750,3.319001617626160
R2mc_2_ed_   600,0.052657320381586,0.016085289368666,0.012447017389648,0.012183173821859,0.012041511086713,0.012013147314355,0.012013728157182,0.012047862426271,0.011941240304071,0.012037107020695,0.011886590702145,0.011861398579938,0.011809593283357,0.011877910493500,0.011840241763514,0.011854023125050,0.011891579069777,0.011886572403158,0.011910553719776,16.072411725201600,11.304784584395800,5.471833935058990,5.216884166728510,5.050948763161480,4.897837181705500,4.758992224178120,4.624491153711080,4.619950860923900,4.471518330017140,4.512742853052590,4.326178865559740,4.249274277896170,4.117667606753420,4.070806845207590,3.985826104213290,3.893874541929870,3.863859202079070,3.659658680569620
T_ed_    67,0.072738611703863,0.040673450859604,0.030946754972084,0.028597177789659,0.028309454667519,0.027774027889135,0.027403386497757,0.026597689322206,0.026488420381801,0.026670520682765,0.026803486739389,0.026992378535284,0.026448744853540,0.026524874985332,0.026099037298920,0.026192883013171,0.026458358229011,0.025726638428151,0.025795341039031,5.978004860136150,8.573144403806100,3.889869230131330,3.930279258820330,3.816019196473390,3.754334457454760,3.718610091571080,3.717234423944880,3.676356912472240,3.619375040122110,3.565351331511570,3.417217073217880,3.377899820473440,3.319617937674510,3.309611740936030,3.249289780111860,3.186498832371090,3.214254288509300,3.075329311353440
T_ed_    96,0.076474325486409,0.039695666455682,0.026659705891051,0.025922273241462,0.025469940230969,0.025655479726521,0.025535527629813,0.025400183694268,0.025273622162740,0.024881542904365,0.024964631199830,0.024662124904697,0.024528947433277,0.024191867099311,0.024094319555084,0.023922649083841,0.023600478358780,0.023991132073935,0.023327062945190,5.619376337011780,8.667011706582700,4.301425941910510,4.187070095447190,4.088612582382130,3.957715081065690,3.897924542893730,3.832194964226980,3.792977541502040,3.791116906848500,3.741881463309310,3.640921421754270,3.562200372818660,3.543586694732500,3.502064644344220,3.467232237327500,3.460855299913350,3.380862898514080,3.312284008362140
T_ed_   139,0.075460339922563,0.032627789908981,0.025048681677861,0.023419201442088,0.022645845668269,0.022207259725059,0.021818859217800,0.021917225512825,0.021637062903555,0.021511383199606,0.021448887001140,0.020845775964054,0.020818879629160,0.020690214562300,0.020854378947365,0.020658303019674,0.020571900452490,0.020446919584229,0.020337820733397,5.760320330386280,9.649446546574070,4.525358307543920,4.534997075560200,4.481161726597450,4.437017661268960,4.414541452163610,4.316326151447500,4.298459278528760,4.259569105810000,4.230569906927180,4.171393924503690,4.077899797590950,4.030316397377090,3.952416388817170,3.920976340246750,3.881827628887570,3.873508434583260,3.727788675801340
T_ed_   200,0.074459562364193,0.032197913056865,0.020433448546897,0.019963138460767,0.019847039738156,0.019865350001549,0.019456249379281,0.019235192477062,0.019376897631092,0.019307248830101,0.019143850293645,0.018979934966990,0.018841277373979,0.018825595799107,0.018662756381956,0.018499226262730,0.018408653480138,0.018409204171002,0.018199919495471,5.960475842060350,9.735421916997220,5.448404933736750,5.226209671824470,5.040922912619990,4.905399605970910,4.887063419867250,4.852732758600140,4.750492333021430,4.700395979711010,4.691577248426140,4.544562123916520,4.473420248627140,4.403240150015690,4.390740901899050,4.352791691635650,4.314477023357990,4.281051517228670,4.155368923386500
T_ed_   288,0.074848877867575,0.023464313316642,0.017971152790555,0.017407212749795,0.017075849783282,0.016882155706648,0.016888814379652,0.016963069738091,0.016779179907575,0.016727984633519,0.016643157984898,0.016656150883070,0.016501578539382,0.016495272413701,0.016539169243367,0.016580214082509,0.016569411344998,0.016579142778252,0.016531422893993,5.848352977086320,12.250698642181600,6.157546111563120,5.962316276584430,5.839025619623940,5.764559562902240,5.626484699760510,5.507104107423800,5.498635037394460,5.443224068326730,5.411776633345220,5.213811940085480,5.147253512990920,5.074373285012700,5.002333997812730,4.905467199539230,4.844178758278290,4.808109198340410,4.635895944612280
T_ed_   416,0.058050640131282,0.018963295568159,0.015472272515717,0.015358469049354,0.015229969372701,0.015121699053351,0.015093439694623,0.014936936590411,0.014910928855731,0.014906920288607,0.014906963802237,0.014820956342354,0.014835403687274,0.014884767192058,0.014762724873886,0.014802789481526,0.014905949476254,0.014824381207421,0.014940069906618,12.836419875384200,14.123122025550500,7.197080305895900,6.814593655967770,6.606911870425680,6.496909530673930,6.373360568732600,6.349975496858560,6.275827474961380,6.200786835810100,6.134033413332140,5.977252869023380,5.840382251467880,5.744343457215850,5.741334855516820,5.644875833548080,5.536178895675770,5.538090011806430,5.297898787360340
T_ed_   600,0.052657320381586,0.016263261575465,0.014076172898793,0.013804405617014,0.013697286508886,0.013624801766860,0.013534672859503,0.013480837103710,0.013490018329486,0.013474061602352,0.013476438140528,0.013427986118766,0.013412616389584,0.013416984839272,0.013450721984989,0.013491753208936,0.013478843582948,0.013507553654890,0.013634651751233,16.072411725201600,15.743142421166600,8.034740076050140,7.747031715371830,7.526521588714420,7.395047902568790,7.308620669804570,7.223635188879270,7.128373790708550,7.060502047563150,6.992348810357670,6.813035003175710,6.694054630081810,6.625012868887640,6.528536588854760,6.431497597102400,6.392442431659680,6.328186543325130,6.081149680591240
U_1_ec15_    67,0.002738611703863,0.029857863781005,0.053571925112513,0.046328759275599,0.050979983092120,0.041034193898510,0.045643944460031,0.041080885417444,0.040622372628907,0.039088813155705,0.039039214684421,0.037414761478327,0.036225942254129,0.035450664549936,0.034998404579536,0.034306480940527,0.033846015972186,0.033225745226691,0.031245502690120,20.978004860136100,19.571913954407000,8.612415935505290,6.151991829009940,5.537994042968340,5.798000623243170,5.143959874385920,5.269451871069840,5.119172377391070,5.075322816282770,4.956795269898600,4.623701959516750,4.443330308100600,4.311008568096240,4.196592259670500,4.048699925451290,3.924124026207310,3.872054169066370,3.496770985631910
U_1_ec15_    96,0.006474325486409,0.033645353057212,0.023960663584785,0.059509623898019,0.030672825128285,0.040212493792362,0.033629865873480,0.035207590255458,0.034240411059530,0.034398309319466,0.033595038346923,0.032327337614673,0.031929693657823,0.031226669423855,0.030961276503772,0.030617541926126,0.030660464839381,0.030433711413936,0.029412474021342,20.619376337011800,19.208314983891100,11.455097042167200,4.886628825257590,7.487481207496450,5.876883833433380,6.297311418694800,5.833288206620410,5.731840688051240,5.525611184561780,5.479436198298450,5.112094650427530,4.855770173346030,4.716512100200040,4.584156554943860,4.402838070833850,4.229936934956590,4.140089415090830,3.672741737834540
U_1_ec15_   139,0.005460339922563,0.019832414601491,0.020210021481564,0.030311055248572,0.033524308732589,0.026944175263427,0.029381881583864,0.027949506844105,0.027948747435385,0.027697668906114,0.027535654139351,0.026865481216295,0.026272329520506,0.026548169370644,0.026458194061850,0.026033855370568,0.025922450182006,0.025879317262369,0.025276095587399,20.760320330386300,21.128313429236400,11.976436294515000,8.945229867530790,7.091124986498160,7.721180108955280,6.887781234951440,6.842161800798500,6.606381931807320,6.457000202017640,6.321690603150930,5.871292689802110,5.642143788432980,5.366823607596260,5.210085014371120,5.039970502056430,4.888520972331820,4.773150202158750,4.247698340152700
U_1_ec15_   200,0.004459562364193,0.015846653925864,0.013311587505701,0.017289833769321,0.023992182180048,0.024746129149166,0.022775934947648,0.023127957905686,0.023149931604319,0.022950916611040,0.022908149646787,0.022833687639471,0.022869606245363,0.022744712505958,0.022613180908906,0.022739629456270,0.022526823120013,0.022747387678977,0.022732388871127,20.960475842060300,21.925465564361800,13.356123089687600,11.549474163381000,8.997550297006440,8.160789331807520,8.208970562194650,7.806471588482350,7.566145098020660,7.406350661032520,7.247191501663710,6.677651405166830,6.322688443461710,6.127514980533580,5.979087644959840,5.698815684915990,5.567646384730320,5.399536118837070,4.756439683407030
U_1_ec15_   288,0.004848877867575,0.011788707947018,0.011190190222300,0.012553588213044,0.014388900750472,0.016817364503757,0.018486418802352,0.018670135864034,0.018734767830921,0.018841480033733,0.018950741764355,0.019324407472654,0.019493479763868,0.019783424050630,0.019826774827747,0.019903619207324,0.020197815764703,0.020157974573068,0.020588248999628,20.848352977086300,23.094154006269500,13.967085507306800,12.913512883588700,11.763295348724200,10.444273549685200,9.444351212039980,9.090324336478130,8.837712264759330,8.589868395296960,8.386924971804110,7.688324093210210,7.295012870132110,6.980366055667850,6.781572596333670,6.515586636612470,6.238400503059630,6.145287093338950,5.373951966398900
U_1_ec15_   416,0.004354987957369,0.009055247579498,0.009985956565077,0.010211709531893,0.010674772668397,0.011223719033735,0.011934711991208,0.012734148295795,0.013261234726094,0.013841535196942,0.014106900075189,0.015312863371050,0.015890001413477,0.016245619119537,0.016548381041133,0.016932011434531,0.017189958816250,0.017365205892103,0.018594445417437,21.053811179732000,24.231273519157400,14.468046708711600,13.887734414947500,13.308372630867400,12.771230065214700,12.169861245475800,11.559695164865600,11.114702036367400,10.669845447401700,10.401963114497100,9.357126439477210,8.794059863894700,8.452092907002900,8.145384411564950,7.751775470094090,7.489668993615990,7.307078864620440,6.203374256590380
U_1_ec15_   600,0.003978075098567,0.007185269806896,0.008593087658567,0.008072551944725,0.008087405476653,0.008262942276913,0.008343202958042,0.008509058889713,0.008641457430094,0.008716445736417,0.008970421126020,0.009497766124398,0.009999182658152,0.010313243707161,0.010649058834094,0.011079492279833,0.011410131477764,0.011659618427526,0.012987445977560,21.279958895012900,25.353260182718900,15.303768052618000,15.171228967248200,14.860792945913900,14.547696119307600,14.324766665375300,14.094748808514800,13.886568413967200,13.744899123716900,13.483850483998700,12.846184787468900,12.328551117090200,12.011518154428300,11.684977735788300,11.263286962913000,10.957565396707500,10.730431343366100,9.567573920516630
U_1_ec20_    67,0.002738611703863,0.043822148923222,0.245975702859311,0.028055008000377,0.061484971299387,0.057404853564264,0.036625986759439,0.047639040903608,0.047618486967869,0.041306418236475,0.041375407415890,0.039773512645481,0.039739377507611,0.037442727170016,0.036694078150245,0.035524735886504,0.035148673084480,0.034523901418876,0.032152663151101,25.978004860136100,23.120383600579100,-6.769603344959850,8.821722446774110,4.881233234693260,5.212399055892330,6.458804999880710,5.259456894848060,5.062496694162490,5.395353359820490,5.247294135719230,4.855801486732580,4.526921446755540,4.482895229377120,4.361402588813190,4.224333716342530,4.080576811115500,4.001951858816980,3.552903388614110
U_1_ec20_    96,0.006474325486409,0.034448046985784,0.033638365071315,0.028592044687541,0.060052894786956,0.030213541880358,0.046945235228329,0.038117657400949,0.036280477660289,0.038722159822111,0.036344281066647,0.034949191481732,0.033444423223306,0.033401081753465,0.033138748635646,0.032165156805376,0.031481623792645,0.031289767054709,0.029447918981690,25.619376337011800,24.020297386573100,13.614781082687700,8.770166924806340,5.018712579886610,7.822764977547360,5.468157146867270,6.173509711103340,6.150945587690090,5.643442167599410,5.730282265246560,5.318936318452490,5.131237058048830,4.870893189365990,4.702714222214650,4.546853308130830,4.432613543131660,4.312428757777010,3.812558828877550
U_1_ec20_   139,0.005460339922563,0.021754178108563,0.022587597137533,0.071471880701804,0.024569420187310,0.042146795291457,0.029291069898084,0.033272137012694,0.031771194272543,0.030514595896422,0.031357011796252,0.029379425263331,0.028807956204292,0.028161303750354,0.027831830554533,0.027394097104589,0.027239874415097,0.026949841927399,0.026104574177407,25.760320330386300,25.784745160506900,15.150837825483500,2.809869718823760,9.950915549237510,6.164042753404570,7.922086127771350,6.847037045070820,6.777735978586790,6.784293553270210,6.423512693831450,6.093133822810220,5.775705973691790,5.599222331798510,5.440375835489340,5.210030606540150,5.022216706610900,4.915678350473140,4.277283756672870
U_1_ec20_   200,0.004459562364193,0.016524202228907,0.015137211632754,0.030850170932479,0.029761915701364,0.024417776663128,0.029366685995618,0.025133891223699,0.026951327734982,0.025713029044547,0.025529508643734,0.025070711917570,0.024282067128205,0.024020329100395,0.024044268311287,0.023811661255078,0.023661158190765,0.023656393686459,0.022949895126492,25.960475842060300,26.830740336438100,16.640914926439200,10.934211672688900,8.912416446426580,9.709846479070380,7.906962908264610,8.474686202869740,7.741709286099100,7.744606923645240,7.589013324335140,6.954876491962440,6.680883788909230,6.427417261790150,6.197888284138680,5.926517776442450,5.737959951477280,5.574367998661120,4.908219566855930
U_1_ec20_   288,0.004848877867575,0.011693870556324,0.012362517323615,0.015241449911134,0.027155834761529,0.024372470368084,0.020519491043196,0.023286046832355,0.022212599017677,0.022288637350860,0.021972998693089,0.021518906350472,0.021761375117006,0.021846042989125,0.021519553466007,0.021468125132399,0.021566913775077,0.021379312841702,0.021436250628091,25.848352977086300,28.221875858141900,17.440026887471400,15.429523326836200,9.662967757099180,9.722894692043070,10.454955054562100,9.006865387576750,9.106463156682960,8.730831731427070,8.613288190120690,7.977796495286520,7.406843088134530,7.053611661835910,6.925006159579240,6.601456179773960,6.341102343195380,6.230167281951220,5.344149182395300
U_1_ec20_   416,0.004354987957369,0.009594346404077,0.009818874203479,0.010894598892399,0.012512747578334,0.016414372349193,0.018747299187467,0.017978489183043,0.017590017408459,0.017904227808729,0.018028313478857,0.018407226082620,0.018277634083820,0.018338608838370,0.018632790124237,0.018845278416512,0.018665697642064,0.018844781923787,0.019284661993200,26.053811179732000,29.095277905476700,18.498182425447700,17.237813350630000,15.754492025308400,13.033463467901700,11.192186866545500,11.214809369690400,11.029457106117400,10.554746100953500,10.254277239241300,9.272255486713150,8.856079357939730,8.512704268550130,8.125899709755720,7.692560413582870,7.548008254528670,7.284532143803930,6.239210054510230
U_1_ec20_   600,0.003978075098567,0.007390455387475,0.009216873572019,0.009033494945958,0.009417935277176,0.009905823015839,0.010760306336457,0.011711764762409,0.012664107453477,0.013184060903105,0.013561228908675,0.014515613516599,0.015122024543969,0.015517956902689,0.015684315133889,0.015912979097338,0.016286998610146,0.016465199959317,0.017424527110851,26.279958895012900,30.417612515437800,18.859382804324000,18.354475718494400,17.611379406002800,16.938593067914000,15.984382577151200,14.974844022070900,13.985003079107100,13.386846244327700,12.934527981350500,11.607223026325400,10.749445081850700,10.205095429958500,9.894984703963970,9.451940005087260,8.975227673679410,8.712281322485520,7.355290983919360
U_1_ec25_    67,0.002738611703863,0.047857249657523,0.209780928256730,0.033234022209335,0.026015681853837,0.078608909544471,0.064949358818984,0.035487551073026,0.041901640717551,0.052724813917882,0.049819679509573,0.042502117591698,0.040412084981706,0.039141685596339,0.038591845959789,0.037191934545451,0.036186387063970,0.035519027485891,0.032082656594482,30.978004860136100,27.777291253218800,-8.339049173473680,9.806457021838170,8.062519693181710,3.460878677084550,4.624701248965670,6.712734930880880,5.846767146615180,4.802526863985020,4.899291825328020,4.920259445162780,4.746682697389240,4.617848190661520,4.461371048104450,4.295690657148490,4.187907057978740,4.102040957010220,3.650371671334220
U_1_ec25_    96,0.006474325486409,0.028887955230778,0.237113179060023,0.024856884171667,0.069213060455464,0.054124280941042,0.029714529194067,0.049321296291088,0.047542921707006,0.037428231565104,0.039059650147777,0.038285942954624,0.036680667085159,0.035063215811582,0.034489452790238,0.033862013226604,0.032931278677278,0.032965904850391,0.030913499906557,30.619376337011800,29.598343518186300,-10.962945250589900,10.610662273454300,3.915571347425530,5.811403023013730,8.007244892957630,5.384695389946840,5.305204171627440,6.270998769851680,5.932254644060470,5.325012210321840,5.104898815457730,5.009381289998160,4.855200792381280,4.615363103757800,4.500397463101100,4.347140730018190,3.762610713375050
U_1_ec25_   139,0.005460339922563,0.027302656909304,0.021783811438538,0.021597556330130,0.053211826984859,0.022510536817975,0.046647629974049,0.031636552031093,0.031574183923073,0.035859954066615,0.031769187283818,0.030669219634816,0.029799938936499,0.029584975282295,0.029021655408264,0.028070966445227,0.027850402151108,0.027282076714718,0.025754318424478,30.760320330386300,29.818699984871200,18.967836848796600,11.063708843427900,6.139742799839710,10.205713456120000,5.653543884540150,7.842874842086220,7.524858723594200,6.488989342141660,6.945628982150780,6.383736751775150,6.061320028121540,5.770856723569080,5.615224628475660,5.420318606369250,5.206639300238820,5.137192840876700,4.479736939384090
U_1_ec25_   200,0.004459562364193,0.015913563313916,0.018642480668527,0.078233651089693,0.018990305063799,0.043806870051725,0.023826284061763,0.031972486361716,0.028042646290176,0.027850984261496,0.028224517294601,0.026262712814835,0.026076309840090,0.025535868242303,0.025161834829848,0.025147319390469,0.024630346171875,0.024400814002460,0.023727644369220,30.960475842060400,32.096518703948700,19.596103002798700,-0.263510108484555,12.984047184051600,5.946446809370030,10.217813066997400,7.775687975961660,8.231166250173520,8.090783303165630,7.654562979994210,7.265038115771440,6.806045847403190,6.580678131567520,6.387188744158840,6.005048017320770,5.850650496085390,5.713445383328240,4.885071750435670
U_1_ec25_   288,0.004848877867575,0.012629099345623,0.012632302553585,0.023881181691595,0.031987124218446,0.019454389518759,0.029470837686322,0.022148285365539,0.025957906043534,0.023667470369969,0.024256153126086,0.023494691697323,0.022796336522615,0.022704920096866,0.022608744825566,0.022265988332587,0.022334662299361,0.022197879936575,0.021584965038176,30.848352977086300,33.042444326817100,21.327034299902100,15.390001078167500,9.240963267513220,12.959961202864400,8.592181623124550,10.605057862860500,8.831571441206530,9.295635303925210,8.797451860526530,8.062228197614900,7.750678162836160,7.395991197453280,7.122478665392220,6.834871361990910,6.511807451369460,6.347890394303300,5.502163397776130
U_1_ec25_   416,0.004354987957369,0.009592884543721,0.010480939244724,0.012387486729748,0.022946776405341,0.024993966533335,0.017735760431475,0.021417929953887,0.020452321008584,0.020211195678321,0.020075931162984,0.019991716189285,0.019823846730164,0.019875111252553,0.019786985133837,0.019810112054985,0.019657493974269,0.019730158770172,0.019743326483991,31.053811179732000,34.305509684408500,22.222001436388500,20.171378182296000,13.001747957764900,10.655497164800500,13.473973761140900,10.908885714107800,11.121894815745500,10.733445575651000,10.536424197176800,9.519466008958700,8.987233916495670,8.573191676687450,8.296330697151640,7.856515893473000,7.625509474607820,7.374462399526970,6.268285036317160
U_1_ec25_   600,0.003978075098567,0.008088289909449,0.008745428290458,0.009231273225891,0.010378830764312,0.013009682276982,0.017205739719137,0.016881903404995,0.016210767154094,0.016470624353854,0.016415022603942,0.016822190030191,0.016971281175330,0.017048531239232,0.017229027563420,0.017300692735669,0.017413828433554,0.017444951078981,0.017945319246444,31.279958895012900,35.208266464971500,23.263308008947700,22.065106284609900,20.542515342382800,17.846067718612300,13.791986188543600,13.630501643443000,13.666827128439800,12.977788370331100,12.732969332602300,11.421181704415000,10.698773249396300,10.269139684680100,9.831105239401380,9.362167485062990,8.971708799036690,8.745587014241300,7.347089378845640
U_1_ec30_    67,0.002738611703863,0.036481668290493,0.069289118207162,0.093339614086368,0.027306255043633,0.034067853143670,0.090195208603691,0.071403135775934,0.039287915196213,0.037431458878101,0.050446485664315,0.043925132056657,0.041875807077375,0.040526344843591,0.039340153136207,0.037934516427336,0.036606428455929,0.035814945181362,0.032116152654244,35.978004860136200,33.703044493061500,-0.197039996836440,5.181754723234270,8.875108481947600,6.954547113068270,2.464584073234810,4.061815656870570,6.469642288781770,6.290710150793900,5.062614826342550,5.052154122551410,4.858336918008000,4.707900524387610,4.612705263261960,4.429253836295880,4.314609453975550,4.228257656432350,3.738404818344530
U_1_ec30_    96,0.006474325486409,0.035843665481209,0.350197200643306,0.035499640972567,0.025154713710630,0.093969415102136,0.047060347943990,0.029284945716088,0.046963884240417,0.053572044842448,0.042277691182671,0.039655613841405,0.038213189309748,0.037359864096143,0.036047206968015,0.035192429627326,0.034691358468603,0.034105155648676,0.031037061615854,35.619376337011800,33.764292762752800,-27.164215910706300,10.734392142159100,9.081656449915880,1.203997165055520,6.605530696566050,8.105161902615820,5.732749260538150,4.741213898216580,5.846819096580440,5.462027871215600,5.209948223700260,5.011882676142580,4.928828095408420,4.692494169096900,4.498456172758800,4.392397451570220,3.841997558029970
U_1_ec30_   139,0.005460339922563,0.027056913580278,0.091952668903944,0.016145633848668,0.084774226252589,0.029143343843711,0.025902561892089,0.050030853387244,0.035246747414361,0.029399261394793,0.037696939069240,0.032770651937487,0.031342396548616,0.030541566776104,0.030469938292545,0.029194490640654,0.028504709970725,0.028275601992114,0.026640198755967,35.760320330386300,34.985651276982200,8.731774001065090,13.424599132381000,0.794544206583639,10.214821069976600,9.546462957780310,5.221480736325090,7.361431279360000,8.101230797440630,6.483543640347300,6.419037575860140,6.164988417497550,5.959626003627960,5.704068441298650,5.526207688244280,5.358400313963850,5.202705409832260,4.453161495554250
U_1_ec30_   200,0.004459562364193,0.017014653798350,0.020038774266272,0.025506446441323,0.031793383974422,0.022239082441933,0.044438191741185,0.023032628415649,0.032730106378047,0.031399924718810,0.026467317643360,0.027786996280620,0.026979533083649,0.026446965417286,0.025727093244711,0.025471034570603,0.025256539064236,0.025030817157138,0.024056761096951,35.960475842060400,36.994103233368000,23.114552928599500,11.552436613850200,11.390712662216900,11.595673350332100,5.839336987961200,10.621125730644200,7.864759486622820,7.701098132637230,8.729467925523410,7.415768707233620,7.037561110491040,6.778546275391730,6.652637450865510,6.270898902254540,6.008034495261580,5.851662376827560,4.969849027357430
U_1_ec30_   288,0.004848877867575,0.013020913922903,0.013670500056502,0.076368426970527,0.016345408285966,0.041220500823731,0.019862995853633,0.031868547438719,0.023853982282134,0.027475093588938,0.025926997167254,0.024749117346081,0.024091427033379,0.023421976813235,0.023431529890728,0.023188298991728,0.022817299443629,0.022517265361637,0.021793035884618,35.848352977086300,38.144300317496500,24.948615901013100,-3.095813778560690,15.839729660492300,6.129024856374250,12.916993403576000,8.076381051999940,10.421083226245700,8.831449498040360,8.885080222641920,8.290677840380690,7.869335652968830,7.649742993358270,7.313759696812730,6.928326748970390,6.710535505996570,6.575565293931840,5.621801888509330
U_1_ec30_   416,0.004354987957369,0.010184676889061,0.010534370282658,0.014570810413379,0.037430994219003,0.015268050117185,0.026855165989024,0.021146798924490,0.022577226127544,0.021807894506018,0.021750201652738,0.021167402875843,0.020903471755174,0.020996861428702,0.020516530722637,0.020366461377046,0.020221437702775,0.020405235620402,0.020094488749565,36.053811179732000,39.324174923574700,26.253245886932100,22.611994709212800,7.068125912348990,16.925244350297600,10.008250627253500,12.536628433919400,10.952213786555100,11.189004316535300,10.622627156680300,9.780671059999870,9.195525048701840,8.658590993324080,8.526399350738530,8.102211196678150,7.790413990191520,7.454169666285730,6.328397496691400
U_1_ec30_   600,0.003978075098567,0.007838969320987,0.009415860127344,0.010204903395264,0.014216589704530,0.024202821202777,0.018236905745839,0.017120453648498,0.018893205207584,0.018370638591705,0.018395638919705,0.018232122610181,0.018056946537025,0.018059002497622,0.018264600418201,0.018195923364495,0.018236012706370,0.018204802046730,0.018205455356576,36.279958895012900,40.731599464419100,26.924351980121000,25.231538920081900,20.996768621032700,11.564381698942000,15.179206773164400,14.952435599514700,13.162626338531300,13.251357865123200,12.635364796500100,11.541839219397100,10.903440179591300,10.421306351972300,9.877557533399830,9.404534004208940,8.981668988034510,8.774429810488880,7.461817532484720
U_1_ed_    67,0.072738611703863,0.044506181758487,0.038445876035407,0.034580639339063,0.033550800392257,0.032891620231281,0.032301967152583,0.032199484125156,0.032289565352135,0.031642694896368,0.032106117324017,0.031224543445058,0.031481511614844,0.030931448748395,0.031005686025468,0.031011661725531,0.030889775182267,0.030775807819255,0.030585027974300,5.978004860136150,8.838153440277660,3.648410910832630,3.835232610473730,3.774681998679940,3.745143541258030,3.721241473839170,3.667782110365440,3.615868270713140,3.623555390734910,3.552049531485260,3.487470673203830,3.390191022593420,3.377724111955320,3.328377184874330,3.272047818622750,3.245053317222290,3.225688198278680,3.107841770261610
U_1_ed_    96,0.076474325486409,0.045664110220817,0.032993735473172,0.031576441774784,0.031193370925076,0.030479048052234,0.030514420473338,0.030275807061116,0.029664533995706,0.029665524179940,0.029051629359244,0.029282105113882,0.028752439522435,0.029038649226639,0.028759304563308,0.028470961898198,0.028548486991444,0.028408168291015,0.028151884615202,5.619376337011780,8.726992307893960,4.171816404807150,4.123635576644580,4.000995227529320,3.976750470446560,3.892845955046670,3.852455108513340,3.867871280930310,3.813363779511980,3.845280376103520,3.673944752996720,3.652181943464590,3.559432866043900,3.544029805241760,3.515955002046680,3.469816983541350,3.452981592989670,3.341423532735000
U_1_ed_   139,0.075460339922563,0.040317936010776,0.028525046813333,0.027363011876656,0.026909772223800,0.026833243182859,0.026479785891674,0.026498715962118,0.026262510679312,0.026325482436046,0.026364798445083,0.025739774572573,0.025770955240876,0.025596870350347,0.025703489022226,0.025560934150830,0.025360255177549,0.025403341818159,0.025196549956046,5.760320330386280,9.470110523089670,4.792964128524700,4.709302332484400,4.596415447006790,4.483517347289750,4.453660161898010,4.377470771274020,4.340752521909110,4.277629581913260,4.218749873171790,4.166328698238650,4.066608258601360,4.037840129848480,3.968788165452080,3.920448858930820,3.912981205672690,3.870652472716720,3.752215050357680
U_1_ed_   200,0.074459562364193,0.037972899185128,0.026069095090295,0.025504293579598,0.025051387369436,0.024852386787625,0.024536636718358,0.024180538515391,0.024392686425599,0.024121172202107,0.024025232209811,0.023869583342351,0.023600814203544,0.023474154434427,0.023331318610697,0.023242223518187,0.023060088641965,0.022931190312373,0.022840717467851,5.960475842060350,9.939117888219400,5.284154473132480,5.081045991895950,4.968092417879540,4.879688626336420,4.842289996561170,4.841106260619480,4.714717372651630,4.718491628701050,4.686663120226300,4.540366944283120,4.500636466067780,4.462383313032600,4.443222247757870,4.384190985459440,4.373014512789590,4.365082773873830,4.223381547996730
U_1_ed_   288,0.074848877867575,0.028175883897751,0.022173129750416,0.021785054718645,0.021531749264023,0.021417879024587,0.021265265489433,0.021207622706701,0.021083204345508,0.021120154200681,0.021067817056438,0.020931538761913,0.020947774227066,0.021004567428326,0.020944275058030,0.021010687873407,0.021052005636892,0.021157153055058,0.021104068881052,5.848352977086320,12.760658290983800,6.406192491017560,6.152186783850440,5.981748192238380,5.868826862091290,5.784444910491450,5.697306013522170,5.667848211718070,5.582784813111880,5.538398684397600,5.386523783449170,5.264711979293550,5.173624370789650,5.130690790925970,5.026873251156120,4.951342418250630,4.876005503980680,4.723536340994730
U_1_ed_   416,0.058050640131282,0.023176588072850,0.019951016068255,0.019563293570222,0.019371811628748,0.019356531697923,0.019380413525452,0.019287318757037,0.019212578989833,0.019172315776711,0.019170490788212,0.019190583084153,0.019197229188390,0.019175044325579,0.019207390822098,0.019158444041957,0.019264643693262,0.019271727407707,0.019484387912346,12.836419875384200,14.840365354142900,7.330591782796600,7.076439421594170,6.880282248512880,6.726347349983620,6.568543327507890,6.496152456582210,6.446028359678540,6.393085597483230,6.327686411979880,6.110761345397670,5.992938715382460,5.934705981532270,5.853234633073800,5.797406685039160,5.694884986800580,5.660342573278580,5.397323623976490
U_1_ed_   600,0.052657320381586,0.019510888117149,0.018032807160543,0.017745790932414,0.017598457895812,0.017535927692794,0.017460984279280,0.017555280992418,0.017570617392026,0.017523433468028,0.017515578435743,0.017526823654853,0.017543896555029,0.017645933670346,0.017643254476444,0.017798705650596,0.017794741634321,0.017847554368701,0.018152326636487,16.072411725201600,17.039785327563500,8.481517127423340,8.166941004279370,7.944294488274370,7.818709753060870,7.720200875210960,7.535375115353640,7.431205318362710,7.382414982693080,7.320633823460920,7.109017002977550,6.984938295399080,6.852172374672360,6.791716440466320,6.613249719855870,6.576826222165250,6.514846396682100,6.196560389492260
U_2_ec15_    67,0.002738611703863,0.038692374860160,0.032720653624759,0.062372603858466,0.038688301796256,0.045042990015729,0.041919591899804,0.040377814998420,0.042750979295447,0.039737792239579,0.039317527718472,0.038626724875529,0.037174848726934,0.035893900441255,0.035867174997887,0.034739777433697,0.034387198802600,0.033421774538309,0.032756968628692,20.978004860136100,19.324893326432600,10.947489611052700,5.684454371622280,7.228656505819660,6.126203880759340,6.084718913385440,5.939288944492370,5.547529369945230,5.614814878255940,5.513565371679460,5.082696467658900,4.903045421656970,4.795928741018660,4.632976677908150,4.517281917437720,4.374975941000150,4.351457592112310,3.832441958055310
U_2_ec15_    96,0.006474325486409,0.028414683711254,0.024460333652364,0.050991172006734,0.032183752766284,0.035837750615617,0.034141531148100,0.033647831595042,0.031917588400913,0.032915524666096,0.032359214563716,0.031268907282157,0.030686536530543,0.031074481267517,0.030860635276821,0.030424428704274,0.030379440955437,0.030258972070342,0.029194285378040,20.619376337011800,20.311551676727500,11.740480328402600,6.777071829388530,7.853093212696970,7.009906863170090,6.831412745549040,6.585367351216650,6.587534895820450,6.269752565310310,6.181563434536040,5.789046956622650,5.525923392510480,5.258592981697590,5.113604491130550,4.931555395462330,4.759720694327760,4.655086629037150,4.174459550117880
U_2_ec15_   139,0.005460339922563,0.017654150036953,0.018566618163566,0.024754776283893,0.034603054593441,0.026403608691221,0.027587982055362,0.027797868145866,0.027172322811698,0.026778276571386,0.026550998919706,0.026022715753747,0.025766852882752,0.025695420116457,0.025420219561928,0.025382577834741,0.025541048502468,0.025147541513694,0.024969234270726,20.760320330386300,21.807265857455400,12.559706781345500,10.423930834863400,7.516810258722190,8.321252590661230,7.742356069439720,7.398512270652110,7.247126812721400,7.122830050474910,6.988905409053430,6.518267579071550,6.209759419553440,6.006282481694830,5.869822275500680,5.632372666327460,5.432257245290520,5.365575476411210,4.761741654034560
U_2_ec15_   200,0.004459562364193,0.014419348801510,0.012522962199324,0.015611303630561,0.020076634915214,0.023427231761195,0.021630450306900,0.021550446084055,0.021986125339055,0.021973815529018,0.021965206283110,0.021901339909844,0.022116514514844,0.021971251804766,0.021912801095593,0.021922749622555,0.021822729719377,0.022014015903269,0.022116516238824,20.960475842060300,22.454226104544000,13.768437974194000,12.252625365529800,10.422094194367500,8.916527976666440,8.933862419132090,8.647996683014410,8.284366307249940,8.083722258948630,7.906063936372590,7.342542747852120,6.939827093135090,6.751116144033060,6.571305968767550,6.324338308764690,6.175921001908750,5.992280598496160,5.332285260414920
U_2_ec15_   288,0.004848877867575,0.011293126590966,0.010681200549652,0.011777759513292,0.013000454619475,0.015047866511300,0.016767371211994,0.017167134528279,0.017131136685722,0.017263698208020,0.017622205545047,0.018018247640579,0.018151286281655,0.018471185395077,0.018514198122952,0.018714991220238,0.018863848329771,0.018882573129962,0.019527176227647,20.848352977086300,23.354578101180700,14.298865329299500,13.356686071303200,12.460034119540400,11.329785168636000,10.334429198465100,9.910390411077740,9.682603039409950,9.440236047395860,9.156848148934950,8.460873321400430,8.081812824293250,7.759135270023500,7.550103624888340,7.248172728631970,7.028078842115360,6.894136117208680,6.078015183633970
U_2_ec15_   416,0.004354987957369,0.008852640335307,0.009380152282347,0.009582532190428,0.010100321664955,0.010581422891915,0.011169194953042,0.011805849259344,0.012426949157323,0.012853165641057,0.013133692367947,0.014252097122901,0.014794182902670,0.015085849111555,0.015362467321576,0.015782788406684,0.016094704042103,0.016326977578784,0.017360226800444,21.053811179732000,24.369820383534600,14.840101408498200,14.269900637614900,13.666489428620700,13.187825714300400,12.663270522189100,12.140685082954900,11.639545051223800,11.275017595252400,11.024069630608400,10.027591936754800,9.478367829951310,9.167435163968560,8.861223638260550,8.467969099070550,8.180042865785030,7.957263866498610,6.979466145350020
U_2_ec15_   600,0.003978075098567,0.007007324108489,0.008429667308206,0.007888585898010,0.007885617032097,0.008040232639177,0.008066482222068,0.008234278358311,0.008422330374614,0.008532388259035,0.008653297421661,0.009188596318756,0.009716055306813,0.010069927228355,0.010423342199263,0.010795106312241,0.011099662761211,0.011372331013346,0.012595831063540,21.279958895012900,25.477010119625300,15.410392392983300,15.286268413065200,14.995312208335200,14.712539865943000,14.524898160773300,14.283627623574500,14.042316320849400,13.867484024465700,13.712306598379700,13.065692419241500,12.525244387465100,12.176988293888600,11.824698711648500,11.460578355736300,11.177067634320500,10.930051805761200,9.838103587492750
U_2_ec20_    67,0.002738611703863,0.027956273359360,0.083481228856747,0.034463401480790,0.092981822547631,0.040580326127881,0.044969321149716,0.053810325594067,0.042754654934537,0.042422729651236,0.045171051148233,0.041262930562560,0.039496850473647,0.039311834920856,0.037421567172784,0.036531276254386,0.036162390784418,0.035651475975044,0.033486189062862,25.978004860136100,24.984727163412800,9.757081772845470,8.702789801788520,3.387282468102680,7.368582361841820,6.405984669564250,5.462638244062520,6.127091178514450,5.963106810768610,5.582430154141790,5.322072255369670,5.111712340395560,4.894369071460940,4.856979773974370,4.660197629713530,4.510732263928510,4.407261511527070,3.899473205100860
U_2_ec20_    96,0.006474325486409,0.037505448343037,0.021758652533953,0.038210392263172,0.036112713592559,0.034322222345311,0.044213565102950,0.032585336021255,0.038533490967186,0.036354700537291,0.033972926735942,0.033628569540030,0.033108410480392,0.031841991422081,0.032349065348491,0.031747038882337,0.031032252532898,0.031279697288210,0.030294032307653,25.619376337011800,24.068006364979800,15.682449099833700,8.343078686679810,8.846716927789560,7.969360324968510,6.478537250053770,7.500237243052540,6.532322919380170,6.545637605707370,6.657450097721690,6.054970913532500,5.725002579748090,5.611474047343410,5.343939949106570,5.119484417430200,5.003225536074400,4.826952265463170,4.205920253600880
U_2_ec20_   139,0.005460339922563,0.017272786600655,0.022564131648037,0.075947929334112,0.023877225906444,0.041922293188452,0.027582076667563,0.034631818211933,0.029206757942869,0.031522763833063,0.030065967009068,0.028774915957009,0.028101669368727,0.027958479529553,0.027217411095837,0.027261668698440,0.026641190145850,0.026389202428487,0.025243928671229,25.760320330386300,26.880346347171000,15.570487502976100,3.097561033819210,10.547449716159500,6.912950477771920,8.790314142572540,7.215776218548260,7.828738809760270,7.217276807595060,7.200517499757270,6.729628761572460,6.420939594269490,6.151282200404720,6.057239890225390,5.742950872991870,5.613583207874170,5.506731050964540,4.907884659063900
U_2_ec20_   200,0.004459562364193,0.016031286896278,0.012583936858984,0.021107465662356,0.034093861555946,0.020569862245018,0.029004653386077,0.023512864340136,0.025949536200265,0.023876793754683,0.025005704487356,0.024090550854045,0.023810756160298,0.023411870148203,0.023468466104248,0.023046210565697,0.023081681003164,0.022957672500484,0.022652472610405,25.960475842060300,27.128646288046300,17.566526460786700,14.065653768170300,8.504122586259160,11.183436666458800,8.505798798869760,9.439566992907580,8.480183158281090,8.746470823270950,8.212570004099650,7.666501782165290,7.279122235955250,7.060604076674770,6.807028888543350,6.586042499540490,6.325485036411330,6.193037036565240,5.426175871228690
U_2_ec20_   288,0.004848877867575,0.010792419329540,0.011763564023119,0.013702482409968,0.022012698609422,0.024217484949547,0.018949766526312,0.021247029943044,0.020657470198296,0.020643296395362,0.020392933245166,0.020285770422785,0.020027081355299,0.020232400091758,0.020021678463797,0.020034902201557,0.020061123375053,0.020123358291934,0.020020755042474,25.848352977086300,28.637440147266900,17.802793837515800,16.198288944858000,11.983497514858200,10.132921327554300,11.401606214482200,10.092127299270200,10.004298166848200,9.677718062755360,9.541048121850380,8.762278546368250,8.368820579795010,7.976291452930910,7.799703728993080,7.453299308412960,7.195405633307420,7.009319528627680,6.184110530792600
U_2_ec20_   416,0.004354987957369,0.009330287884280,0.009527414660863,0.010299953149357,0.011746635069687,0.014595704878900,0.017361177287045,0.016742640204681,0.016300640667399,0.016500600256351,0.016567434221283,0.016984263363189,0.017167592289793,0.017197218980239,0.017346091899932,0.017481629596577,0.017470509086559,0.017524140141871,0.017987240428765,26.053811179732000,29.245686828495200,18.733031972214300,17.613741117272400,16.254179947387700,14.135581836943300,12.062459338017100,11.965953430429000,11.816739251701200,11.401079656584100,11.132455715785700,10.135705483160000,9.558368031045360,9.238926795322720,8.912747739561000,8.515460712084310,8.273101177320740,8.090594279053670,7.030052610095790
U_2_ec20_   600,0.003978075098567,0.007260387744698,0.008591518902168,0.008549703735107,0.008903375878958,0.009432472325692,0.010148028847199,0.011144667929936,0.012089159654524,0.012633727815599,0.012871414675102,0.013563423458058,0.013948602735413,0.014343097077292,0.014568216066864,0.014789448250579,0.015163816963646,0.015270905721177,0.016087511604214,26.279958895012900,30.487626912244400,19.294569427431100,18.663890765822600,17.960135461825600,17.233521368868500,16.390348401924700,15.324736795275900,14.343627859426000,13.721203121035100,13.350067443494400,12.188209426238500,11.489761763673700,10.951399937091300,10.579473239401700,10.130769519683300,9.657116451068710,9.442534931470000,8.169889904826080
U_2_ec25_    67,0.002738611703863,0.046693747480071,0.432831907822331,0.023800683150687,0.036345620086146,0.091264610247766,0.035786166815061,0.036724152598500,0.056584744944303,0.050908701648246,0.040209653157545,0.042310132583968,0.040558269424858,0.039325616032545,0.038867840579209,0.038073257774553,0.037365883756090,0.036136254092772,0.033266835697030,30.978004860136100,28.415289659592400,-21.802809791165000,11.070957504282400,7.746712438661310,3.591525345213520,7.883956159283780,7.223595529067200,5.426389337012700,5.685908607305590,6.387609087656640,5.603337810011630,5.350087780239400,5.190359965685280,5.036357996727960,4.786211999473810,4.637515701312810,4.586134140851030,4.039924139790860
U_2_ec25_    96,0.006474325486409,0.027881891838313,0.065588177914632,0.023836528210981,0.096343063335063,0.031646435866578,0.037029566637535,0.053602155408701,0.035840536138510,0.037619667844187,0.042229929568498,0.036620702617739,0.035131301178559,0.034598345710415,0.033357105724225,0.032982708380375,0.032343958869572,0.032194730994716,0.030781918131024,30.619376337011800,30.221227801201200,13.452588279974100,11.067516378494200,1.986957886765280,9.314870085807610,7.764589776326280,5.603307259287860,7.417833382368750,6.961655852495260,6.193662552205090,6.149523086769640,5.871076731884100,5.644177916609730,5.565388542806380,5.274904741314920,5.119620490418490,4.964520358264390,4.278476226127410
U_2_ec25_   139,0.005460339922563,0.024268295359779,0.019368144795087,0.032866948892083,0.029640336098142,0.027748595085427,0.044660041905995,0.026212958397020,0.036635605958810,0.032721406490579,0.030667208044134,0.030264788675016,0.029782166338785,0.029089775676597,0.028469035261366,0.027944540813022,0.027373274111588,0.027319653273106,0.025634222289241,30.760320330386300,30.723517711717500,19.877172883590900,9.812287903820980,11.258636972697300,9.856669954387540,6.703953714010330,9.410405643911550,7.307318677347040,7.642514180646770,7.800880844091700,7.032995124808150,6.614606474612810,6.409869151310370,6.244830337143760,5.975210033176910,5.810545671778260,5.642156161568230,4.994005948135270
U_2_ec25_   200,0.004459562364193,0.014455830052301,0.016441645368669,0.077515792193352,0.018131805281276,0.042169690093204,0.021533672653960,0.032826157418176,0.024253648942922,0.028324966206631,0.026299833068590,0.025668385417725,0.025197652358235,0.024727082768066,0.024435806889442,0.024206266051106,0.023805112381245,0.023631701741830,0.023004513211746,30.960475842060400,32.686010773212900,20.462472768874400,0.882519243567339,13.560343136070500,6.972450952832050,11.329227564417200,8.087765839680280,9.783710080524660,8.521802237436510,8.674355839200570,7.952275776266170,7.531509270722730,7.282407733016600,7.051476011528660,6.722864985560210,6.524178017846840,6.379746467823510,5.519947763634340
U_2_ec25_   288,0.004848877867575,0.011484476101623,0.011971636232849,0.018049467842128,0.034728047112551,0.016984302457992,0.028318236490724,0.020679138247970,0.024368537994396,0.021746848197803,0.022828473558492,0.021970102446127,0.021365548436826,0.021240870726915,0.021274925084513,0.020971542360268,0.021001964560011,0.020911378498412,0.020515503231201,30.848352977086300,33.541760711008300,21.749835399990600,18.008820656719700,8.780625488663350,14.225842591773300,9.375273179429180,11.586107360699900,9.750622033700240,10.416300223978800,9.674107378108680,9.017381272086530,8.635155200088440,8.286436800868300,7.961809971348120,7.654465408521620,7.331484590362320,7.163199561927720,6.236782638031370
U_2_ec25_   416,0.004354987957369,0.009463860140135,0.009854978675531,0.011466870329752,0.019218911664557,0.023521548395208,0.016105827530937,0.019335909574548,0.019355223336140,0.018648569768387,0.018721861268250,0.018422654723374,0.018584280519448,0.018469387657834,0.018385355371115,0.018293076061970,0.018300175707618,0.018394735255643,0.018308201536019,31.053811179732000,34.382336950987300,22.630364943835000,20.747181221868200,15.232425835028800,11.506348281891200,14.455635306700600,12.144890488843200,11.836160931534800,11.705184050615900,11.382458090849300,10.493119524751800,9.792162653717590,9.439373757605910,9.163870972121550,8.768707388613250,8.455428752958000,8.210123150919770,7.155020143226850
U_2_ec25_   600,0.003978075098567,0.007991898642594,0.008231602093000,0.008692817533946,0.009874770447931,0.012594334051865,0.016365148548370,0.015669025778364,0.014616612615791,0.015004774921480,0.015067119108962,0.015465752152443,0.015465371890983,0.015692980061390,0.015787707305093,0.015837831496738,0.015959350633382,0.015959758312973,0.016389939050393,31.279958895012900,35.265513849511600,23.604390893353600,22.411612899351500,20.838910565004600,18.062676887896900,14.300042696240900,14.345020766553500,14.679327363744200,13.891460958759900,13.575303386422500,12.267261067310300,11.663507830797100,11.105218315472400,10.722459811735000,10.241854127752600,9.859923797499070,9.671109316521800,8.305977634602520
U_2_ec30_    67,0.002738611703863,0.045503059326565,0.099330450919594,0.050971930133783,0.023509155056330,0.067192055750304,0.091337656587594,0.037606734002067,0.035306215463866,0.054382709044695,0.059892914230142,0.047167855624623,0.043515000650918,0.041403975277676,0.040354086876661,0.039322609085217,0.038742008845507,0.037292710226605,0.034756787260832,35.978004860136200,33.537134611375800,-0.780979797868467,10.136960887908700,9.544506866437350,5.129459562276500,3.580696309305290,7.762034568416460,7.415697596595860,5.648835256354050,5.068352481510970,5.464811952583840,5.378924521690180,5.268636740565280,5.115448365880000,4.897664189921550,4.721766387761660,4.667876244062880,4.008480628234650
U_2_ec30_    96,0.006474325486409,0.028728777186963,0.398363369126196,0.022090325249465,0.040269876787808,0.082686175739757,0.027143657352182,0.037004803278578,0.056877727970651,0.042685610201667,0.034691876158621,0.038375284231016,0.036908515701036,0.035832089796099,0.035269581476612,0.033568019803365,0.032647054386777,0.033023630635603,0.030235704776898,35.619376337011800,35.147465696777600,-29.488139945702300,12.909594956803200,7.935477580215430,3.642024043288980,9.743320235904820,7.819819917871380,5.344832395944480,6.771756745284650,7.487652136376970,6.308898806370110,6.013147076878820,5.803537746796720,5.603560884284730,5.450104760979350,5.306882015799750,5.077707884799090,4.442504546692270
U_2_ec30_   139,0.005460339922563,0.026508344503308,0.027298955208513,0.015688459091110,0.090781853142481,0.020285802987686,0.037841254036131,0.046723476495997,0.026659268455090,0.036092485095587,0.037742789527312,0.032058861058040,0.030916037872034,0.030047000519777,0.029587462762925,0.029373059267569,0.028627053553714,0.028014261367090,0.026522008399511,35.760320330386300,35.456105839805600,22.089813588855700,13.799454352814600,0.914312866915900,12.315675855826800,8.256354296835890,6.468924340650110,9.545198268607420,7.688201135029850,7.063575178129000,7.186881627413760,6.846101495110080,6.607665156205450,6.393375385487200,6.033204275455000,5.865662131595420,5.774010213122470,4.958708343149130
U_2_ec30_   200,0.004459562364193,0.014915494370182,0.018085690502462,0.038017746008760,0.019904413527102,0.029588163378425,0.036200862086769,0.022884582903660,0.034720414588525,0.025991950815368,0.027481241460263,0.026398543604291,0.025549313676323,0.025653939737343,0.025144551071266,0.024479785167381,0.024495850026331,0.024198861990478,0.023191707846889,35.960475842060400,37.774675866431000,23.932466530066000,9.333596969284490,15.089800789991700,10.455203777679000,8.584432686708300,11.236703059117400,7.932969041920490,9.708307991073560,9.115884791538770,8.318945118163680,7.919446334252330,7.486277312692350,7.281957723819000,7.011859095492580,6.691902837072140,6.537090088444770,5.624768453673530
U_2_ec30_   288,0.004848877867575,0.012204979642851,0.012679298787227,0.067373225818358,0.015959241627703,0.035334208334736,0.020296718566068,0.029429873809005,0.021887317495329,0.026082168153250,0.023397478082476,0.023498367040023,0.022600538093087,0.022194540349775,0.022190012599760,0.021792779202257,0.021322768632242,0.021325749180657,0.020832494381875,35.848352977086300,38.555304107902000,25.489507344053700,0.879218784120368,16.226010297018600,8.800342830261590,13.164826020670400,9.351659278378310,11.628901004760800,9.682325397763540,10.292008644341500,9.154195968672750,8.768693702224160,8.482584336311710,8.132864803612580,7.785716813448340,7.605750278569750,7.364546577673270,6.304221931597560
U_2_ec30_   416,0.004354987957369,0.009822765073166,0.009813840233207,0.013403168380362,0.036453723361204,0.014045593449255,0.024566028915742,0.019813736210463,0.020575472377152,0.020543456271944,0.019971937312557,0.019485504601327,0.019453816515727,0.019359293326695,0.019129278930378,0.019023148328989,0.019155834571106,0.018919544794242,0.018683092773496,36.053811179732000,39.546305368891300,26.681538102526000,23.330762678326700,7.700305895882350,17.656406622621700,11.388792915205700,13.351972519371500,12.174628573922400,11.986429540386900,11.717033604627700,10.823546743170400,10.077729878406000,9.662047097913210,9.406130010075780,8.937883256727750,8.507194848002100,8.365527602421850,7.198373000682900
U_2_ec30_   600,0.003978075098567,0.007612363127093,0.009090260800114,0.009741956250768,0.013435155998982,0.023195001628798,0.015940916168597,0.015837511460249,0.017953384417892,0.016691638045911,0.016964105834296,0.016773484308342,0.016612755472659,0.016610740072661,0.016632605405995,0.016561442190207,0.016515590186537,0.016627540457854,0.016596905454601,36.279958895012900,40.872546536535000,27.115685762381900,25.527489956083400,21.511446313215500,12.166761714895800,16.563860563492900,15.737707369500100,13.747881349478600,14.297520476007000,13.521732491584000,12.450758918961300,11.782366504246500,11.311179050333300,10.904134124705300,10.414906939997000,10.091341478744000,9.740730204254810,8.450085392020380
U_2_ed_    67,0.072738611703863,0.046994653263359,0.038771920035010,0.035672069439162,0.034525330195643,0.034405368562251,0.034203625655313,0.033769760478587,0.033518560287345,0.033642639548457,0.033647876115032,0.032774457708157,0.032443311044433,0.032644685937993,0.032375165683132,0.032315909419194,0.031997444674468,0.032257047074382,0.031501785590535,5.978004860136150,9.198461024273600,4.003720872429260,4.130831537394750,4.097255552625010,4.025693618462660,3.958670997123970,3.934975820799960,3.901520019211750,3.851869112470520,3.820134973585170,3.763685073158400,3.709824166120970,3.638871493978280,3.624920959186040,3.575976211679940,3.564483271501890,3.516557015677960,3.455201503443810
U_2_ed_    96,0.076474325486409,0.045997476584733,0.033582786258067,0.032231226819351,0.031571069705274,0.031013614704168,0.031111488075033,0.030752785586546,0.030611106511555,0.030290251612474,0.029998353487780,0.029849605650350,0.029805263860869,0.029568284916198,0.029362341672593,0.029053004161569,0.029006751848302,0.028968211270724,0.028620869426973,5.619376337011780,9.294189985421680,4.501877715015830,4.461152428896640,4.380864559700500,4.351301988838700,4.255516204830830,4.224605410435910,4.180635581687580,4.173698354324870,4.170489145801410,4.044470870707860,3.963076695743180,3.934205992070630,3.914152064197770,3.889215116411960,3.851589782813800,3.832285252829170,3.731769455145790
U_2_ed_   139,0.075460339922563,0.040159054618140,0.028900033306212,0.027506455029047,0.027213104406793,0.026799765188631,0.026410631952972,0.026423546873517,0.026347658006497,0.026246664788273,0.026098775960331,0.025796338889587,0.025557992210061,0.025410396283006,0.025430276591379,0.025337913787804,0.025242448946662,0.025096998601298,0.024925745426108,5.760320330386280,10.105730638778200,5.152780375323660,5.117895707748830,4.986621736189360,4.937027071498270,4.908935205797420,4.826369591547000,4.773254923890620,4.735756922888770,4.712530422116710,4.607874950453940,4.553447455205480,4.512152512084240,4.460709110486580,4.405612678365260,4.374827886141680,4.370383813879370,4.245391691265930
U_2_ed_   200,0.074459562364193,0.037207445827286,0.025978588540030,0.025069101463745,0.024594637479199,0.024296440298505,0.024042954258176,0.023760430346861,0.023958486709164,0.023429577452374,0.023537555260841,0.023224435132116,0.023036021429565,0.022896174565966,0.022808334594727,0.022770772528544,0.022633989967968,0.022562457680525,0.022372862021730,5.960475842060350,10.696052396948900,5.737069328560080,5.605366420809320,5.510315121708130,5.437692049523460,5.382470744756610,5.358992896878160,5.251089183357110,5.299174390068610,5.224774562014750,5.122255701948120,5.057841611304670,5.014996855492310,4.985097509816880,4.919040930217260,4.896519681880570,4.877291998033930,4.755968372141680
U_2_ed_   288,0.074848877867575,0.026319266388538,0.021082239465756,0.020641832456607,0.020385795333934,0.020283465952268,0.020300162692537,0.020294071399506,0.020071412749307,0.020284050963224,0.020122108848056,0.020050627895467,0.020038858792393,0.019958965135657,0.020001162182099,0.019923722049756,0.019931102352634,0.020063159821244,0.020051021398506,5.848352977086320,13.831848075308300,7.147217861950900,6.880419894864940,6.722461659544370,6.593428661239900,6.460394715660630,6.357304273716430,6.370566483796120,6.205086018943830,6.208423128896970,6.036312186103000,5.921024450810270,5.860913171421240,5.793563164653740,5.738991468108300,5.674951315096760,5.597089781506820,5.424658471629970
U_2_ed_   416,0.058050640131282,0.021685802069159,0.018360789726283,0.018340845304925,0.018095609417876,0.018143507598899,0.018008717994703,0.017934991711512,0.017914173585270,0.017894234883648,0.017888374774693,0.017856198389080,0.017784772949348,0.017969343017322,0.017848438698817,0.017941660277609,0.017982216489697,0.017952092185839,0.018214269085100,12.836419875384200,15.759369232170200,8.279340953571800,7.837630549964710,7.675179000624450,7.483651336241440,7.413635709959600,7.338681423921760,7.267977976035590,7.199249508047710,7.137656503415990,6.949194860759860,6.858724161516960,6.688595972648820,6.689096133699290,6.563529165321240,6.485687834078640,6.475293917835650,6.188747434007100
U_2_ed_   600,0.052657320381586,0.018240802790041,0.016588366364997,0.016155249323465,0.016115430339954,0.016079347643217,0.015971997002969,0.016018002087227,0.016012119979899,0.015972876582439,0.016035985525017,0.016006157718223,0.016072418294549,0.016100368397082,0.016177197078737,0.016239145916276,0.016258908405029,0.016285556147689,0.016540829557516,16.072411725201600,17.826368799640600,9.342794970343430,9.148988138840760,8.863286447378000,8.722147309650570,8.635668304999660,8.488875198492760,8.409210139257930,8.352064488772730,8.249090053221340,8.059219263274120,7.886136954396240,7.809980744792580,7.691841105747050,7.585037782121350,7.519672684879540,7.475215540725180,7.192811150557180
UJRDT_a_    67,0.002738611703863,0.003912302434090,0.010241855691985,0.008140149560417,0.007022486194055,0.006539422836957,0.006133434275023,0.005950859101243,0.006155816241289,0.005707881625476,0.006101096792464,0.006070292624104,0.005324712008238,0.005556813128463,0.005772640122531,0.005135704280922,0.005001031495102,0.005216897597282,0.004884327276552,5.978004860136150,8.540006943051640,3.563466450045800,3.484284693882320,3.398588972911680,3.319634231617500,3.267413397657030,3.205589879515330,3.131935835648480,3.111181412164220,3.036455294758060,2.886525712757850,2.857284990301210,2.771514457253600,2.696961091642880,2.685958205497860,2.645362234511340,2.595149153849480,2.451421238732220
UJRDT_a_    96,0.006474325486409,0.009249036409155,0.004214115050904,0.005048960240580,0.005442675038761,0.005660427167400,0.005578016744893,0.005188825267798,0.005378389486752,0.005554939535233,0.005157355325659,0.004973422940729,0.005003838028420,0.005046904098548,0.005149099738228,0.005082076264276,0.005213732189376,0.005005384740438,0.005142353136260,5.619376337011780,8.027680481445400,4.142129551589540,3.781038868586670,3.550250843819890,3.404017815894950,3.320733480549550,3.278745127526000,3.206568804084080,3.125863852827560,3.127054475571360,2.991825202361880,2.888088892363710,2.820465724125440,2.756820968535990,2.691106495095810,2.624942967861060,2.615454388106560,2.426650756200280
UJRDT_a_   139,0.005460339922563,0.007800485603662,0.004879909677556,0.005279221003533,0.005146960509820,0.005017978670865,0.004992080636242,0.005246982426888,0.004900772670580,0.004859353116501,0.005208324311744,0.005207652308909,0.005237730253130,0.005035849225516,0.004975229333255,0.005031089884641,0.004943085928764,0.005011142166003,0.004923629272234,5.760320330386280,8.229029043408970,4.049584098485010,3.749032622536210,3.591355163342690,3.493318156913430,3.402178599652010,3.270661282412570,3.272957541531980,3.222550365031330,3.119969786505530,2.959267320184820,2.855577873129030,2.822002351476890,2.780988954827170,2.698193601865080,2.662562798086150,2.614654105953030,2.457053373299910
UJRDT_a_   200,0.004459562364193,0.006370803377418,0.006681980177394,0.005547187212482,0.005616644512167,0.005544742564311,0.005434191404224,0.005460534305164,0.005352261610820,0.005400927965998,0.005246531245705,0.005094830495462,0.005065089683748,0.005103869641266,0.004960480573833,0.004973770344909,0.004911665027454,0.004847606021620,0.004840554362318,5.960475842060350,8.514965488657640,3.689169998517260,3.695439380746390,3.497418362873320,3.387965378224090,3.313756446055600,3.227950906757310,3.182659753484050,3.114235395131910,3.112328399713360,2.981831682874190,2.890105987005400,2.808398268326930,2.783938706711670,2.709657509811550,2.668846978348130,2.647361334829580,2.473668355282920
UJRDT_a_   288,0.004848877867575,0.006926968382250,0.005725940021162,0.005622030198120,0.005602358360413,0.005420086598243,0.005461107285309,0.005247020743636,0.005225475323333,0.005205367171623,0.005203985683692,0.005136720726716,0.005105130658513,0.005060201566318,0.005094880687268,0.005060357629468,0.004975523109177,0.005043604375572,0.004974465220370,5.848352977086320,8.354789967266170,3.964509563512230,3.673884600882680,3.501532774578260,3.423866296451850,3.306004672303030,3.289442812477410,3.219174204280160,3.170556903912010,3.124581521572900,2.969767296273020,2.878574186273220,2.820974673912000,2.745231474042210,2.684720371858650,2.650455850811830,2.590913808891260,2.435102028164060
UJRDT_a_   416,0.004354987957369,0.006221411367670,0.006039334498030,0.005754225418320,0.005497982634732,0.005473153273735,0.005456937878541,0.005362138777103,0.005351476708765,0.005308260016438,0.005271513797939,0.005206035904023,0.005038326118878,0.005036681787824,0.005017348602795,0.005020622188271,0.004991831130416,0.004987476443226,0.004934569104984,6.053811179732020,8.648301685331460,3.834137461135200,3.618891389279530,3.544953076461580,3.401790559447100,3.307739145518440,3.241553710554980,3.166757627940530,3.127753480468780,3.096489826046180,2.940932182513480,2.906364874761290,2.830758901765430,2.777484821183250,2.701250315396530,2.643671713976580,2.614263028747200,2.451698812164700
UJRDT_a_   600,0.003978075098568,0.005682964426525,0.005639941133632,0.005538972840756,0.005292659997528,0.005217616868374,0.005127088010477,0.005165209628667,0.005084667701889,0.005050297952468,0.005019579974633,0.004935477299698,0.004919242118119,0.004912382119543,0.004881566728906,0.004832583662586,0.004881429723297,0.004884893234803,0.004904573491306,6.279958895012860,8.971369850018380,4.073773479773930,3.748042935817770,3.668146658784120,3.555112402663500,3.505649066356880,3.359711199616810,3.326843032066000,3.282530718850900,3.247650120029990,3.103267345108150,2.977815275216390,2.905338702734100,2.858953945516710,2.814073430807510,2.709912558248120,2.675812953801170,2.469696180371480
